0	chr1_GL383519v1_alt	1	GCGGCGCCCACAGCUGCUUGCUGGUGAAUGGAGAAUAAUGCUAGAAAGACGGACAAAUGGCCGUAAACUGACACGCGCCAGAUUUGGUGCUACCACUGAAGUACAAGAUUCGGUAACCAAGAGCCUUCGAGAACUUGCCUGCCUUUAGACCGAGUUUGAGAGGUCAUUUUCGGUACAAGAUCAUCACCCACCACCAAAAAGAGAAGUACAAUGCUGAUACUAGGCUCUGUCAAAUCCAGCCAAGGGAAGACACCCUGGCCUUUAUGUCUUUCUCCAAGGAGUAGUUGCUCCCGGUGCUGGUACCAUUACUUUGAUAGACUUCCAAGAACUACAAGAAGUGACCCAGAAAGUGGUAUGCAGAGGCUAUGCCUUCCCCUCAACUUUUCCUGCGGCCGCAGCAGCAGCAGUACUAUGGAACGAAUACAGCUAAUUGAUCGGUCAGGCCAGCACGAAUGAUGGAGAAGGAAAUGACCGAGAGGCUUAGAGUGUCUGACCCUGCUACUCAGCGCCUGGGCUUUAAGUUUUUGGAUGCCCUGCCUCCUGGACGCCAAUUUCAAAUAUCAUUUGGCCCUAAUUGCUGCAGGCUGCCAGUAGGUGGCAGGUCCUUGCGCGGGCUGCACAACCCUUGUGCCUAUAAGUACCCACAUCAGUCUACUUCCCUGGGAUGGAAAUGGUCACCGCAACGCCAGACGCCGGCAGGCCAGAGAGUAUUGAGGGAGGCCAUACCAGCGCCGGAACCAGAUCCUAUCUGUGCUGGCAAGCAAUCGGUGGGCUCUGCCAGCAGCAUUAGUCAUCCAGCGAAAUAUGGCCAAAAUAUGGCCCAGGCACGUGCAAGGGCAUGUUGAGGAUGAAGAGGAAUGAUUGGUUUCGCUCCCGACCAUUUAUAAACCAGAGGCCUGCGUUUCAAUUGUUGGUACAGCCAGACACAGGUAUCGCCCCAGAAUAAAGCCACUUGAAAAU
10	chr1_GL383519v1_alt	1	ACAGCUGCUGACUGGGAGCACAGGCCUGAGGACGAAGAGCUAGAAGGAGCUGACCGAGAGGUCGGAGUAAGUCUGACCCUGCUCUUCCAGCAUCGCCUGGGCUCAAAAGUUCUCUUUGGAGAUGCCCUGCCUCCUUGGACGCCUUCGUCAGCUACUUGGCCUGCUGCUGCGGGCUGGUCCAGUAAGCUGCAGGUCCUGCGUGGGCUGCCAACCUGUCCUGGCAUCAGUCUACUUCCCAGGGAUGGAGCUGAAGUCUUCACCGCAACGCCAGACACCAGCCGGGCCCAGAGACUGAGGAGCCAUACCGGCGCGCCAGACCAGAUCCUAUCUGUGCUGGCAGGACUGGCAGCCAUGGUGGGCAAAUUCACGCCACAUUGCUCAGCGGCAUUGUCUCCAUCCAGCGGGCAACGCCUGCUCGGGCCCAGGCACCCCGGCACCUGGGCAUGGCUGAGGAUGAAGAGGAAUGAUCUGUCACGCCCAAGACUGGACUUACUCAUUCCAGAGGCCCCGUGCCUCCUCGUUGUUGGUACAGCCGGACACGGGGUGCUGCCACCCAGAAUAAAGCACACUGAAAAG
11	chr1_GL383519v1_alt	1	GGGGAGCACAGGCCUGAGGAUGGGGAAGAGCUGGAGAAGGAGCUGUCUCGAGAGGCUCGGGAGUGUCUGACCCUGCUCUCUCCUCAGCGCCUGGGCUCUCAAAAGUUCUUCUUUGGAGAUGCCCCUGCCUCCUUGGACGCCUCGUCAAUACUUGGCCCUGCUGCUGCAGGCAAAGCUGCCCAGUGGGAAGGGCAGGUCCACCUGCGUGGGCUGCACAACCUCUGUGCCUGCUGUUUCCCACAUUCUCAGUCUCUACUUCCCCUGGGAUGGAGCUGAGGUCCACCUCGCAACGCCAGAGACCAGCAGGCCCAGAGACUGAGGAGGAGCCAUACCGGCGCCGGAACCAGAGAUCCUAUCUGCGGCUGGCCGGACUGGCAGCCAUAGUGGGCUACGCCUUGCUCAGCGGCUGUUCCAUCCAGCGGGCAACGCCCUAGCUCGGGCCCCAGGCACCCGGACCCUGGGCAUGGCUGAGGAUGAAGAAUGAUUUGUCCACGCUCCCUGGACUGGUUUCUACUCAUGCAUUCCAGAGGCCCCGUGCCUCCUCGUUGUUGGUACAGCCGGACGGGUGCUGCCACCCAGAAUAAAGCCACUCACACUGAAAAAAAAACAAAAGC
12	chr1_GL383519v1_alt	1	GGGGGAUCAGGCCUGAAGACGGGAAGAGCUGGAGAAGGAAUGUCAGAGGCUCGGGAGUGUCUGACCCCUGCUCUCCAGCGCCUGGGCUCUCUGUCUUCUUUUGGAGAUGCCCUGCCUCCUUGGACGCCUUCGUCUUCAGCUUUGGCCCUGCUGCUGCAGGCAAAGCUGCCCGGUGGGAAGCUGCAGGUCCACUGCGUGGGCUGCACAACUUCUGUGCCUAAUUGUACCCCACAUCUCAGUCUCUACUUCCCUGGGAUGGAGCUGAAGUAGGUACCACCGCAACGCCAGACAUCCAGCAGGCCAGAGACUGAGGAGAGGAGCCAUACCGGCGCCGGAACCAGAUCCUUAUCUGUGCUGGCAGGACUGGCAGCCAUGGUUGGGCUACGCCUUGCUCAGCGGCAUUGUCUCCAUCCAGCGGGCAACGCCCUGCACAGGGCCCCAGGCACUCCGGACCCUGGGCAUGGCUGGGAGGAGGAUGAAGAGGAAUGAUUUGUCCUCACGCUCCCAUCAAGACUGGUUUUUUACUCUCAUGCAACCGGAGGCCCCGUGCCUCCUCGUUGUUAGUUCAGCCGGACAGGGUGCUGCCACCCAGAAUAAGCCACUCACACUGAGC
13	chr1_GL383519v1_alt	1	CAAGGCUCUCAAGUUCUUGGAGAUGCCCUGCCUCCUUGGACGCCUUCGUCUCAGCUUUGGCCCUGCUGCAGGCAAAGCUGCCCAGUGGGAAGCUGCAGGUCCACCUGCGUGGGCUGCACAACCUCUGUGCCUGCUGUACCCACAUUCUCAGUCUCUACUUCCCUGGGAUGGAGCUGAGGUACCACCGCAACGCCAGACACCAGCAGGCCCAGAGACUGAGAGGAGCCAUACCGGCGCCGGAACCAGAUCCUAUCUGUGCUGGCAGGUGGCAGCCAUGGUGGGCUACGCCUUGCCAGCGGCAUUGUUCCAUCCAGCAGCAACGCCUGCUCGGGCCCCAGGCACCCGGACCACCCUGGGCAUGGCUGAGGAGAGGAUGAAGAGGAAUGAUUUGUCCACGCUCCCAGCUGGUUUUCUACUCAUGCAGAGGCCCCGUGCCUCCUCGUUGUUGGUACAGCCGGACACAGGGUGCUGCCACCCAGAAUAAAGCCACACUGAAUCCCUACACCUCCCAUACACACCCCUCUUAUCUUAUCAUAUCCUACAUCCAACAUCCCCCUCCCCAUCCCUCAAAAAUGAUGGAUCC
14	chr1_GL383519v1_alt	1	GUGGGAAGCUAAUGGGUCCACCUGCGUAGGCUGCACAACCUCUGUGCCUGCUGUACCCACAUUCACAGUCACUUCCCCUGGGAUGGAGCUGAAGUCCUCGCAACGAAGACACCAGCAGGCCCAGUUACUGAGGAGGAGGGGAGGAGGAGAGGAGGAGGAGGAGGGAAAAGCACAUACCGGCGCCAGAACCAGAGAUCCUAUCUGUAAAUGGCAGGACUGGCAGCCAUGGUGGGCUACGCCCUUGCUCAGCGGCAUUGUCUCCAUCCGCCAGCAGGCAACGCCUGCACGGGCCCCAGGCACCCAGGACCCUGGGCUGGCUGAGGAGGAUGAAGAGGAAUGAUUUGUCCACGCUCCCAAGACUGGUUUCUUACUCAUGCAACAAGGGUCCCGUGCCUCCUCGUUGCUGUACAGCCGGAUGGGUGCUGCCACCCAGAGAAUAAAGCCACUUCACUGAAAAGC
15	chr1_GL383519v1_alt	1	ACACCUGCGUCAGGCUGCACAACCUCUGUAGCGCUAUUGUACCCACAUUCAGUCUCUACUUUCCCUGGGAUGGAGCUGAGUCUCACCGCAACGCCAGACACCAGCAGGCCAGAGACUGAGGAGCCAUACCGGCGCCGGAACCAGAUCCUAUCUGUGCUGGCAGGUCGCAGCCUUUGGUGGGCUCACGCCUUGCUCAGCGGCAUUGUCUCCACAUCCAGCGGGCAACGCCCUGCUCAGGGCCCAGGGCACCCGGACCUGGGUCAUGGCUGAGGAGGAUGAAGAGGAAUGAUUUGUCCUCACGCUCCCUAGACUGGUUUUUUUACUCUCAUAUCCAGAGGCCCCGUGCCUCCUCGUUGUUGGUACAGCCGGAACAGGUGCUGCCACCCAGAAUAAAGCCAUCACACUGAAAAAAAAAAAAAAUACCUCCAUCCUCCCAUUCAACCCACACAUUCAUUAUCAUACAUUUCAUCCAUCCCCACACACACACACACCCUCCUCCAAAAAAAUCAAC
16	chr1_GL383519v1_alt	1	GGAGCUGAGGUACCACCGCAACGCCAGACCCGGCAGGCCAGAGACUGAGGAGGAGCCGCCGGCGCCGGAACCAGAUCUGCUUCUGUCGCUGGCAGGACUGGCAGCCAUGGUGGGCUACGCCUUGCUCAGCGGCAUUGUCUCCGCCACCAGCGGGGCAACGCCUGCUCGGGCCCCAGGCACCCGGACCCUGGGCAUGGCUGAGGAGGAUGAAGAGGAAUGAUUUGUCCUCACGCUCCCAAGACUGGUUUUACUCUAUGCUGCCAGAGGCCCCAGUGCCUCCUCGUUGUUGGUACAGCCAGACAGGUGCUGCCACCCAGAAUAAAGCCACUCACACUGACAAAAAAGC
17	chr1_GL383519v1_alt	1	AUCUGUGCUGGCAGGACUGGCAGCCAUGGUGGGCUACGCCUUGCUCAUUGUCUCUCCAUCCAGCGGGCAACGCCUGCACCGGGCCAGGCACCCGGACCCUGGGCAUGGCUGAGGAUGAAGAGGAAUGAUUUGUCCACGCUCCCAGGGACUGGUUUUUCUACUCAUGCAACCAGUCCCGUGCCUCCUCGUUGUUGGUACAGCCGACUCGGGUGCUGCCACCCCAGAAUAAAGCCACUCACACUGAAAAAAAAGC
18	chr1_GL383519v1_alt	1	GGCAGGGCUGGCAGCCUAGGUAGGCUACGCCCCUGCCCAGCGGCAUUCGAGUUCCAUCCAGCGGGCAACGCCUGCUCGGGCCCCAGGCACCCGGACCCUGGGCAUGGCUGAGGAUGAGAGGAAUGAUUUCAGCCCACCGACCCCGGACAGCUUCCUUCUCCAUGCACUACCCAGAGGCCCCCGCGCCCCCUCCCGUGUCAGUACAGCCAGCACAGGUGCCGCCCUCCCCAGAAUAAAGCCCACCCAGCAAGGCACCAACAUCUCAAAAAC
19	chr1_GL383519v1_alt	1	GAUCGAAGCGGCAUAUUGUCUCCAUCCAGCGGGCAACGCCUGCUAGGGCCCCAGGCACCCGGACCCUGGGCACUGGCUGAGGAUGAAGAGGAAUGAUUUGUCCACGCUCCCUGGACUGGUUUUCUACUCUCAUAUCUUCCAGAGGCCCCGUGCCUCCUCGUUGUUGGUACAGCCAGACAUGGGGUGCUGCCACCCAGAAUAAAGCCACUCAAAAAAA
1	chr1_GL383519v1_alt	1	AGCUUUGUCCCAGAUAACCUCUUCAGCAUGAUCCUUAAUCUCCCUAAGCCUCAGUUUCUCCCUGUGGAAUGGGGUAAGAAUCUCACUUUUCUGAAUGCCCCUGUGUUAGGAAAUAAUUUAGAAUACUUCGGAAACAAAAAGCAUGUUACACCUAAGCAAUCAGGCAGUGGCCCUGGCCUUGCCAGGAUUAGGCUUUAUCUGGAUCCUCUUCCAGGCCUCUCAAUUAAUUCCCCAGGUCCUCUAACCUUUUGGGAAAUUAGAAAUUAGGAAGAGUGUCCCACUCUGACACUGUGUUCCCUCUCUUGGAACCUGACCGUCAAUGCUAGAAGAACCCUUGGAAACAUGCUGGCCCAGCCCUUUAGUUUACAAAUAAGGGAGUGCACAGCCCUGAGAGGGGUUCUUUUGCCCUGCCCCAAGAUCACGCAGUCAUAGAGUAAAGAGCUGCCUGGGCCUCCCCACUCCUCUAGUAAUGCUCUUCAUACAUCCAACCUGUUCUAAAGCCUUGUCCAUCCUGAGCCCCCACAUAUCUAGCCCAACCUAGUCCCUGAAACAAGAAGGCCCUUAGAAAUCUCUCCUCAGUCCCACUAUCAGAGGCCAACUGCUGUCUCCAGUCUCCUUCAGCCUGUGCUCCUCUCCCUCCCUGACUGACAGGCAGAAAGUUCUGUGCCUCUGGAUAUCCCCACAGUGCCCUGAGCUGCAUCUCUUGCUGACUGCUUUAAUACAUCAGUGACAUUGUGUGUGUCUCUGCCACCAGUAUUGCUCCUGAUGCUCUGGUCACCUGCAUCUAGCAUGGCAUAUAUCUAGUGCUCAAUAAAUGUGUAUUGUACAGAAAAAAC
20	chr1_GL383519v1_alt	1	AGGGGCUGGAGGCCCCAAGAAAAGAUCAGUAAGCCCAGUGUCCCCAGCCCCGCUUUAUGUGAUUGCGCUGUGUGCUGUCGAUUGGAAACUGGGCCUGGGUCCAGGCCUAGGGUGAGCUUGUCCGUACAAACACAGGGGCCCCAAAAACUGGAAACUGUUUGUUUCUCUGGAGAUGCGCAGAAACUAUUGGGCCCGUGGAGCAGCAGUGUCAGCUGGGCGGAAGCCUUAAAGCAGCAGCGGGUGUGCCCAGGUCCCAGAUGAUUCCUAUGGCACCAGCAGGAAAAAUGGCAGCUUUAAAGGAGAAAUGUUUGAGCCCGGUCAAAAAAAAAAGAAAAAAACAAAAAAAAA
21	chr1_GL383519v1_alt	1	ACAUCCACAUCUGGGAAUGAAUUACUUGCAGGGCUAACCUAGUGCCUAUGUAAGGCAGGUACCUGCAUCCUUGUUUUGUUUAGUGAUCCAUUAUCCUUCAGAGACUCUGGAACCCCCCAGUGGUCUUCUCUCAUCUAAUGACCUGAGGGGAUGGAGUUUCAAGUCCCAGAGAGGAAUGCCUGGCCUUUGAGUAGGGUAAGCAUCAUGUUGGCAGCCUCACAGGAUUGCUCUACUUCAGGCGGCAGUGUCGUGCAUCAGGUGCCCGCCCUGCAUCCCUAAAAGCUUCGGCUCAGCUCGGUGGUUGUGUGUCUGCAAUGCCACAUACUGUGACUCCUUUGACCCCGACCUUUCACCUGCCCUUGGUACCUUCAGCCGCUAUGAGAGUUUUACGUUAGUAGGCGACGGAUGGAGCUGAGUAUGGGGCCCGCCAGGCUAUACGGGCACAGGCCUAUACACUGACCUGCAGCCAGAACAGAAGUUCAGAAAGUGAAGAGCUUAGAGGGGGGCCAUGACAGAUGCUGCUGCUCACCAACAUCCUUGCCCCUGUCACCCCCUGCCCAAAAUUUGCUACUUAAAUCGUACUUCUGAAGAAGGAAUCGGAUAUAACAUCAACGCGAGACCCUGGCCAGCUGACUUCUCCAUCCACUGCCACCUACACCUAUGCAGACCCAGUAUGAUUUCCAGUUGCACCAUUCAGCCUCCCAGAGGAAGAUACCAAGCUCAAGAUACCCCUGAUUCUUACCGAGCCCUGCGGUUGGCCCCAGCAUGUCCCACCGUUUUUCUCCUUGCCAGCCCCUGGACAUCACCCACUGGCUCCAAGACCAAUGGAGCGGUGAAUGGAAGGGUCACUCAAGGGACAGCCCGGAGACAUCUACCACCAGACCUGGGCCAGAAUACUACUGUGAAGUUCCUGGAUGCCCUAUGCUGAGCACUAGAACACAGUUCUCUGGCGGCAAGUGACAGCUGAAAAAAUGAGCCUUUAAAUCGGGCUGUGAGUGGAUACCUCUCCAGUUGGGCUUCACCCUGAACAUCAGCGAGACUUCAUUGCCCGUGACCUAGGUCCUACCUCGCCAACAGUACUCACCUUACAAACGUGUCCGCCAACCAUGCUGGAUGACCAAACGUCUUGCUGCUUGCCCACUGGGCAAAGGUGGUACUGACAGACCCAGUAGCAGAAGCAGCAAAUGUUUUGGCAUUGUACAUUGGUACCUGGACUCUGGCUCCAGCUCAAUCCACCCUAGGGGAGACACACCACUGCCUGUUCCCCAUCUUCACCAUGCUUUUGCCUCAGGCCUGUGUGAGGCUCCAAGUUUUGGGAGCAGAGUGUGCGGCUAGGCUCCACCAAGGAUCUGGGGAUGCAGUACAGCCACAGCUCAUCACGAACCUCCUAGUACAUGUGGUCGGCUGACCGACUGGAACCUUGCCCUGAACCCUAAGGAGGACCCAAUUGGGUGCGUAACUUGUCGGCAGUCCCAUCAUUGUAGACAUCACCAAGGACACAAUUUACGUUGCCCAUGUUCUACCACCUUGGCCACUUCAGCAAGUUCAUUCCUGGGCUCCAGAGAGUGUUGGUGCCAGUCAGAAAGAACAUGACCUGGACGCAGUGGCACUGAUGGCAUCCCGAUGGCUCCUUGCUGUUGUGGUCGUGCUAAACCGCUCCUCAAAGGAUGUGCCUUUUACCAUUUGGAUCCUGCUGUGGGCUUCCUGGAGACAAUACCUGGCUACUCCAUCUUUUACACCUACCUGUGGUGUCGCCAGUGAUGGAGCAGUACUCAAGGAGGCACUGGGCUCAGCCUGGGCAUUAAGGGACAGAGUCAGCUCACACGCUGUGACUAAAGAAGGCCCAGCAGGGCAGGAGUGUGAAGCUUACACAGCGAUGUAAGCCCAGGGCAAUGGUUUUGAGUGACUCUCUUCCCCUCUCAGUGGUGCAAGGCUGGAGGCCCCUAGAAAGAUCAGUAAAGCCUCAGUGUCCCCAGCCCCAUGCUUAUGUGAUCGCUGUGUGCUGCUUGUUUUGAAACUGGCCUGGGUCCAGGCCUAGGUGAGCUCACUGUCCGUACAAACACAAGAUCAGGCUAGGGUAAGGAAAGAAGAGACUAGGAAAGCUGGGGCCCAAAACUGAGCUUGUUUGUCUUCCUGAGAUGCAGAACUGGGCCCCGUGGAGCAGCAGUGUCAGCAUCAGGGCGGAAGCCUUUAAAAGCAGCAGCGGGUGUGCCCAGGCACCCAGAUGAUUCCUAUGGCACCAGCCAGGGAAAUUGCUGGCUUUAAAGGAGAAAAAAUGUUUGAGCCCAAAAAAAAAAA
22	chr1_GL383519v1_alt	1	AACCUAGUAGCCUAGCUGGGCAGGUACCUGCAUCCUUGUUUUGUUAGUGUCCUCUAUCCUUCAGAGACUCUGGAACCUGUGGUCUUCUUUCAUCAAUGACCUGAGGAUAGUCUUCUAGUCCAGAGAGGAAUGUCCAAGCCUUUGAGUAAGAGUUCAAGCAUCUGGCUGGCAGCCCUCAGGGAUGCUUACAUUUCAGGCGAGUGUGUGGGCAUCAGGUGCCCGCCCUGCGCCUAAAGCUCGGCUACGGUCGGUGGUGUGUGUCUGCAAUGCCACAUACUGCUGUGACUCCUUUGACCCCGACCACUCCUGCCCUUGGUACCUCAGCCAUGCUAUGAGAGUACGCAGUGGGCGACGGAUGGAGCUGAGUAUGGGCCCAUCCAGGCUAUAUUCACACGGCACAGGCCCUGCUACUGACCCUGCAGCCAGAACAGAAAGUUCCAGAAAGUGAAGGAUUUGGAGGGGGCCUGACAGAUGCUGCUGCUCAUUCCUUGCCCUGUCACCCCUGCCCAGCUCUUGCAUUUAAAUCGUACUUUCUGAAGAAGGAAUCGGAUAUAACAUCAUCCGGUACCCUGGCCAGCUGUGACUUCUCCAUCCACCGCACCUACACCUAUGCAGACACCCUGAUGAUUCCAGUUGCACUAUUCAGCCUCCCAGAGGAAGAUACCAAGCUCAAGAUACCCCUGAUUCUCGAGCCCUGCAGUUGGCCAGCGUCCGUUUCAUCCUUGCCAGCCCCUGGACAUCACCCACUUGGCUCAAGACCAAUGGAGCAGUGAAUGGGAAGGGGUCACUCAAGGGACAGCCAGAGACAUCUACCAGACCUGGGCCAGAUACUUUGUGAAGUUCCAGGAUGCCUAUGCUGAGCACAAGUUCACGGUUUGGGCAGUGACAGCUGAAAAUGAGCCUCCUGCUGGGCUGGUGAGUGGAUACCCCUUCCAGUGCCUGGGCUUCACCCCUGAACAUCAGCGAGACUUGCCCGUGACCUCGGGUCCUACCCUCGCCAACAGUACUCUCCAAUGUCCGCCUACAUCUCAUGCUGGAUGACCAACGCUCUGCUGCUGCCCCACUGGGCAAAGGUGGUACUGACAGACCCAGAAGCAGCAAUAUGUUAUGGCAUUGCUGGUUUGGUACCAAAAUUUCUGGCUCCAGCCAAAGCCACCUAGGGAGACCUACACCGCCUGUUCCCCAACACCAUGCUUUGCCUCAGAGUGGCUGUGUGGGCUCCAAAGUUCUGGGAGCAGAGUGUGGCUAGGCUCCUGGGAUUAGGGAUGCAGUACAGCCACAGCAUCAUCACGAACCUCUGUACCGUGGUCGGCUGGACCGACUGGAACCUUGCCUGAACCCGAGAGGACCCAAUUGGGUGCGUAAACUUGUCGACGGUCCCAUCAUAUUGUAGACAUCACCAAGGACACGUUUACAAACAGCCCAUGGUCUACCUUGGCCACUUCAGCAAGUCUACCUGAGGGCUCCAGAGAGUGGGGCUGGUUGCCAGUCAGAAGAACGACCUGGACGCGGUGGCACUGAUGCAUCCCGAUGGCUCUGCUGUUGUGGUCGUGCUAAACCGCUCCUCUAAGGAUGUGCCUCACCAUCAAGGGAUCCUGCUGUGGGCUUCCUGGAGACAAUUUCACCUGGCUACUCCAUACACCUACCUGUGUUCGCCAGUGAUGGAGCAGAUACUUGAGAGGCACUGGGCUCAGCCCUGGGCAUUGGGACAGAGUCAGCUCAAAAAAACA
23	chr1_GL383519v1_alt	1	GAUCUGAUUCACCGAGCCUGCAGUUGGCCCAGCGUCCCGUUUUCAUACCGCCAGCCCCUGGACAUCUCCACUUGGCACUAGACCAAUGGAAUGAUAGGAAAGGGGUCACUCAAGGGACAGCCGGAGACUACCAGACCUGGGCCAGAUACUUGUGAGUUCCUGGAUGCCUAUGCUGGUACUGUCAGUUUGGGCAGUGUUACAGCUGAAAAUGAGCCUUUGCUGGGUUGUUGAGUGGAAUACCCAGUGCCGGGGCUUUCACCCUGAACAUCCCAGCGAGACUCAUUGCCCGUGACCCGGGGUCCUACCUCGCCAACCCCAAGUACUUCUUCCAAUGUCGCCUACUCAUGCUGGAUGGACCAACGCUUGCUGCUGCCCACUGGGCAAAGGUGGUCUGACAGAUCCAGACCCAGAAGCAGCUAAAUGCUUUUGCAUUGCUGGUCAGACCUGGAUUUCUGGCUCCAGCCAAAGCCUUCCCCUAGGGACUACACCGCCUGUUCCCCAUCCACAAUUUUGCCACCGGUCCUGUGUAGGAAUCCCCAAGUUUUGGGAGCAGAGUGUGCGGCUCGGGCUCCCCUGGGAUUAGGGAUGCAGUCAGCCACAGCAUCAUCACGUACACUGUCUCAAGCAUCGGCUGGACCGACUGGAACCUUGCCCUGAACCCCCGAAGGAGGACCAAUUUGGGUGCGUAACUUUGUGCAAGUCCCAUCAUUGUAGACAUCACCAAGGACACAAUUUAAACAGCCACAUCACCUUGGCUCAUAGCCCAGACAUUCCUUGGGCUCCAGAGAGAGUGGGGCAGGUUGCCAGUCAGAGGAUAGCAACCUGGACGCAGCAGUGGCAUAGAUGCAUCCCGACGGCUCUGCUGUUGUGGUCGCAAUAAAACCGCUCAAAGUGCCUCUUACCAAGAAACCUGCUGUGGGCCUGGAGACAAUUUACCCGGCUACUCCAUACACACCUACCUGUGGUGUUGCCAGUGAUGGAGCAGAUAUUAAGAGGCUGCAGCUCAGCCUGGGCAUUAAAGGACAGAGUCAGCAGCAAAAAA
24	chr1_GL383519v1_alt	1	AGAAUUACUCAGCAGGGCUAUCCUAGUGCCAUUAGCUAAGGCAAGUACCUGCAUCCUUGUUUUUUGUUUAGUGGAUCCUUAUCCUUCAGAGACUCUGGAUCCCUGUGGUCUUCUCUUCAUCUAAUGACCCUGAGGAUGGAGUUUCAAGUCCUCCAGAGAGGAAUGUCCCAAGCCUUUGAGUAGGGUAGCAUCAUGGCUGCAACAGCCUUCACAGGAUAUUUACUUCAGGCAGUGUCGUGGGCGUCGGGUGCCCGCCCCUGCAUCCCUAAGCUUCGGCAGCUACAGCGUGGGUGUGUGUCUCUGCAAUGCCUUUGACUCCAUUUGACCCCGACCUUUUCCUGCCCUGGUACCUCAGCCAAUUAUGAGAGUACGCGGUGGCGACGGAUGGAGCUUGAGUAUGGGGCCCAUCCAGGCUAAUCACAGGCACAGGCCUGCAUACUGACCCUGCAGCCAGAACAGAAGUUCCAGAAAGUGGAUUUGGAGGGCCAUGACAGAUGCUGCUUUGCUCUCAACAUCCUUGCCCCUGUCUCACCCUGCCCAAAAAUGCUUUGCUACUUAAAUCUGUACUUUCUGAAGAAGGAAUCGGAUCAAUAACAUCAUCAGGUACCCUGGCCCAGCGUUGACUACCAUCCGCACCUACACCUAUGCAGACACCCCUGAUGAUAUUCCAGUUGCACGUUACGGCCCAGAGGAAGAUAAGCUCAGUACCCGGAGAUCACCGAGCCCUGCAGUUGGCCCAGCGUCCCGUUCACUCCUUUGCCAGCCCCUGGACACUCCCACACUUGGCUCAAGACCAAUGGAGCAGUGAAUGGGAAGGGGUCACUCAAGGGACAGCCCGGAGACAACACCAUCACACCAGACAAGGCCAGAUACUUUGUGAAGUCUGACAGACCCAGAAGAAGCAGCUAAAUGUUCAUGGCAUUGCUGUACAUUGUCUGGACUUCUGCUCCAGCCGGGGCACCCUAGGGAGACACCGCCCUGUUCCCAUUCAUGCUCUCUGCCACAAGAGGCCAUUGUGAGCUCCAAGUUGGGAGCAGAGUGUGCGGCUUUAGGCUCCUGGGAUCGAGGGAUGCAGAUGGUACAGCCACAGCAUCAUCACGAACCUCAAGUACAUGUGGUCGGCUGGACCGACUGGAACCUUGCCUGAACCCGCUGGAGGACCCAAUGGGUGCGUAACUUUGUCGACAGUCCAUCAUUGGCAGACAUCUUCAAGGACACGUUUUAAACAGCCCCGACCAUACCACUUGCCACGAGUGAGUGGGGCGGGCACCCCAUCUCCUAUACCAGGCCUAUCAUCUCCUACACUUGGAUGGGCUCUCCACGAAGGGAGCAGGAAAGGUCAAGGUGGAUCAUCGGAAGAGGCACACAUCCCCUUGCCCAUGGAGGCAGGAAGUGACUAGGUAGCAUCAAGAAAACCCCAAUGCCUGAGGCAAUGGACUGCGAUGCAGAAAGCAGGGUCAGUGCCCAGCAGCUGGCACAGGCCAAGAGAGCCAGGGCAGAGCCCUGUGGGAGUAGGGUGGGUCCGUGUGGGCGACUUCUUAGCAUUGUAGAUGGGUUUGGGAGGUACCCUAGGGACUCGGGACCAUAUCGUCCCACAUUCAGCAAGUCAUUCCGAAGAGGGCUCCCAGAGAGUGGGGCUGGUGCCAGUCAGAAGAACGACCUGGACGCAGUGGCACUGAUGCGCCGAUGGCUCUGUUGUGGUUGCUAAACCGUUCCUCUGGAUGUGCUCUUACCAAGGAUCCUGCUGUGGGCUCCUGGAGACAAUCUUCUCCUGGCUCCAUCACCUACCUGUUCGCCAGUGAUGGAGCAGAUACUCAAGGAGGACAUUGGGCUCAGCCUGGGCUAUAAAAGGACAGAGUGGUCAAAAAAAGCAGC
2	chr1_GL383519v1_alt	1	CAGGGAACCCACGCCAGGGCCCCAGCUUGUUCCUCAGUGCCCAGCUCUGGCAUUUCUUUCAUUCCAUCGCCCAGACACCAUUACCACAUACACAUUCCACCCAUACCCCAGGUCUCAGCCUGCCCCUACCUCCCAGGCUCCAGUCCCUGUUCCUCAGCAUCCCCCACCACAUCCCUGAGUAAGCUCUUGUCCCAGAUAACCUCUUCAGCAUGAUCCUUAAAUCUCCCAAGCCACCAGUUACCCUGUGGAAUGGGGUAAGAAUCUCUCUGAAUGCCCCUGUGUUAGGUUGCAUAGAGCUACUUCGGAAACAAAAAGCUUGUUACACCUAAGCAAUCAUAGGCAGUGGCCCUGGCCUUGCCAGGAACUUAGGCAUUUUUAUCUGGAUCCUUUCUUCCAGGCCUCUCAAUUAAUUCCCAGGUCCUUAACCUUGGGAAAUAAGAAAUUAGGAAGAGUGUCCCACUCUGACAUGCUGCUCCCUCUUGGAACCUGACCGUCAAUGCUGGAAGAACCCUUGGAAAACAUGUUGGCCCAGCCCUUAUCACUUACAAAUAAAUAAUAAAUAAGGGAGUGCCAGCCUGAGAGGUUGGCCUGCCCAAGAUACGCAGUCAAUGGCAGAGUAAAGAGCAUAGCCUAGGCCUCCCCACUCCUCUAGUAAUGCUCUUUCAUCUCUCCAACCUGCUUAAGCCUUGUCCAUCCUGAGCCCAUCUAGCCCAACACCUAGUCCCUGAAAACAAGAAGUGGCCUCAAGAAAUCUCUCAGUCCCACUAUCAGAGGCCUACUGCUGUCUCAGUCUCCUCAGCCUGUGCUCCUCUCCCUCCCUGACUGACAGGCAGAAGGUACUGUGCCUCUGGAUAUCCCACAAGUGCCCUGAGCUGCAUCUCUUGCUGACUGCUCAAUACAUCACAGUGACAUUGUGUGUGUCUAUCACCAGACUGCUCCUUGAUGCUCUGGGUCACCUGCAUCUAGCAUGGCAUAUAUCUAGUGCUCAAUAAUGUGUAUUGUACAGAGCUAAAAAAUCCCCUCCUACCCCACACCCUACCCAUAUAUCUUACACCCUCCCUAUUCCUUCUAAAAACC
3	chr1_GL383519v1_alt	1	AGGGCUGAGGGUAAGGAAAAGAAGAGACUAGGGGAAAGCUGGGCCUCCAAACUGGAGCUGUUUGUCUUUCCUGAGAUGCAGAACUGGGCCCGUGGAGCAGCAGUGUCAGCAACCAGGGCGGAAGCCACCAGCAGCAAGCGGGUGUGCCAGGCACCCAGAUGAUCCUAUGGCACCACCAGCCAGGAAAAUGGCAGCUCUUAAAGGAGAAAAUGGUUUGAGCCCAGUCAGUGUGAGUGGCUUUAUUUGGGUGGCAGCACCCCGUGUCCGGACUGUACCAACAACGAGGAGGCACGGGGCCUCUGGAAUGCAUGAGAGUAGAAAAACCAGUCUUGGGAGCGUGAGGACAAAUACUCCUCUUCAACACCUCAGCCAUGCCCAGGGUCCGGGUGCCUGGGCCCGAGCAGGCGUUGCCCGCUGGAUGGAGACAAUGCCGCUGAGCACAAGGCGUAGCCCACCAUGGCUGCCAGUCCCUGCCAGCACAGAUAGGAUCUGGUUCCGGCGCCGGUAUGGCUCCUCCACAGUCUCUGGGCCCUGCUGGCGUCUGGCGUUGCGGUGGUACCUCAGCUGGGUCAAGGAAGGAAGGUGUGUUAGGAGAACUAGUUCUUGGAUCCCUGCCCACUCUCCCCAGGGCUGCCCCUCCCAUCUGCCCUUACCUCCAUCCCAGGGGAAAGUAGAGCUGAGAAUGUGGGUACAAUGGGCACAGAGGUUGUGCAGCCCACGGUGGACCUGCAGCUUCCCACUGAGGGCAGCUUUGCCUGCAGCAGCAGGGCAAGUAGCUGAAGACGAAGGCGUCCAAGGAGGCAGGGCUGGAGCAGAGAGAAGGUGGGAUGGAGGAGAUCACUGGGUAGAAGGGGUAAAGAUGGAGCUGGAGGAAGUCAGCCUUGGGUGGGCUCCUGGGCAGCAGGCGGCCAGGGAAGGACAGGACACACAGUUCAGACCCUGGUAUGGGGAGAGAUCCCCAGGUGGCGCCAGCCUGGCCCUGAAUAGGGCUUUAUCCAGGGUGCUGGGCACACCAGUGCCCACAGCUUUUCAGGCCCUCCUGUGCCUGGCUGCCUCCCACCCUACCCUCUUUGUACCUCUGAGAAGGCUCUGGCCCCACGCACAGCCCCUGUCUCCAGGGCCAGUAUCUGACUCAGGACCUCCUAUCCCAGCCUGAGCCAGCCCCAGCCCCAGCCCCAGCUCCAGCUGCUCCAUCUGAACCUGUAUCUUCCAAGCCACCAUUACCCUCUUGGAGUCAGACUCACGCAUCUCCAAAGAAGAACUUUGAGAGCCCAGGCGCUGAGAGAGCAGGGUCAGACACUCCCGAGCCUCUCGGUACAGCUGUAGGGCGACACAGGUAGGCUUGCAGCUGCGGGAACAGUGCCACCUCUGCACCUAAGCACUCCCAUUCCUGGGCCAGCAUCCUUGGGGCUCAUCUCAUACAAUAGCCCCCCGGUCAGAGCUACCUCUCCAGCUCUUCCUGCCACAGGCCUGUGCUCCCCAGUCAGCAGCUGUAGCCUGACCAUGACUGCCGCUGCUCGCGGCCAGGCAGGAAGAAGUUGGGAAAGGGCAUAGCCUCUGCAUACCACUUCCGGGUCUCUUUACGUAGUUUUCAAGUGUCUAUCCAUAAAGUAUGUACCUGGAUUGGGUGGGCAGGAAGAAACAGGCAGGUCUGAGCCAGUGCACCUGCUUGAUUCAAGGUGGGCUUUGACCUCCAUGCUACCUGAGUCUCUUGUGUGGUCUGUGUGUGCCCGUCCCUCCCCCGGCUGGCCAUGGAUGCUGGAGGUCUGGGCACACUUCCAGCACCGGGAUCAACUUCUCCUCCAGGAGAGACAUGAAGGCCAGGGUGUCUGCCCCACUGCUGAGCUGACAGAUCAUAAUCAGCAUUGUACUCACUGUGAGGAAUAUCCAUGGCGUGGACGUCUGGGGAGCAGUAAGGGCACUCACCAGGGAGGAAGGAGUCCUGUCUGGUACCCCUCACUGGCCUUGAGUGCAGUGAGGUACAGCAAGGAACUCUUUCCUGCCAAGGCCCCUUGCCUGGGCCCAGCCAGUAGCCUGUUGCUAGUUGGCAAAAGCCUGGGCCUUGGAGCCCGCUGGCCUGCCAAGGUCCUGGGCCCAUUGAGAAGUGGAAGAAAGGUUUGGGCCGCAAACUAGGAGCAGCUCCAGAAUUCCAUGGAAAGCUGGAACAAUGCCUGCUGACAGCAACUUCUCAACAGUAACUUUCCCGACCCAGACACCACAAAGCUAGCACAACGGAGCAAGAUGCAGGCUAGGACAUAGUCCUAUGCCUCAGGAACCAGGGAAAGCCAUCCACAUCCUCCUGGAUCCAGGGAACCCACGCCCCAGGGCCCCCAGCUUGUUCCCAGUGCCCAGCUCUUGGCUAUUUCUUUCUUCAUUCCAUCGCCCCAGACACCAUUACCACAUACACAUUCCACCCAUACCCCAGGUCUCAGCCUGCCCUACCUUCCCAGGCUCCAGUCCCUGUUCCUCCUCAGCAUCCCCCACCACAUCCUGAGUAAGCUUUGUCCCCAGAUAUCUUCAGCAUGAUCCUUAAAUCUCCCUAAGCCUCAGUUUCUCCCUGUGGAAUGGGGGUAAGAAUCUCACUUGAAAUGCCCCUGUGUUAGGAAAUAAUUUAGAAUACUCUCGGAAACAAAAAGCUUGUUCACACCUAAGCAAUCAGGGCAGUGGCCUGGCCUUGCCAGGAACUUAGGCUUUUAUCUGGAUCCUCUUCCAGGCCUCUCAAUUAAUUCCAGGUCCUUAACCUUUUGGGAAAUUAGAAAUUAGGAAGAGUGUCCCACUCUGACACUGUGUUCCCUCUUGGAACCCUGACCGUCAAUGCUAGAAGAACCCUUGGAAAACAUGUUGGCCCAGCCCUUAGUUCACAAAUAAGGAGUGCACAGCCCUGAGAGGUUACAUGGCCUGCCCAAGAUCACGCAGUCGUGGCAGAGUAAAGAGCAGCCUAGGCCUCCCCACUCCUUUAGUAAUGCUCUUUCAUCUCUCCAACCUGGCCUCUAAGCCUUGUCCAUCCUGAGCCCCCAUAUCUAGCCCAACCUAGUCCCUGAAAACAAAGAAGUGGCCCUUAGAAUCUCUCCAGUCCCACUAUCAGAGGCCAUUGCUGUCUCCAGUCUCCUUCAGCCUGUGCUCCUACCCUCCCUGACUGACAGGCAGAAGGUACUGUGCCUCUGGAUAUCCCCACAGUGCCCUGAGCUGCAUCUCUUGCUGACUGCUUUAAUACAUCACAGUGACAUUGUGUGUGUCUCUGCCACCAGACUAUUGCUCCUGAUGCUCUGGGUCACCUGCAUCUAGCAUGGCAUAUAUCUAGUGCUCAAUAAAUGUGUAUUGUACAGAGC
4	chr1_GL383519v1_alt	1	UAAUCAUAUGAGAAUACUUCGGAAACAAAGCUUUGCUUUUCCUAAAGCAGCAGGGCGGCCUGGCCUUGCCAGGAACUCAGGCUUUUAUCUGGAUCCUUUUCCAGGGCCAUCAAUUAAUUCCCAGGUCCUUAACCUCUGGAAAUCAGAAAUUGAGGAAAGAGUGUCCCUACUCGUGAUCGUGUUCCUGGAACCUGACCGUUGCGGCUAGAAGAACCUUGGAAACAUGCUGGCCCAGCCCUCUAGUUUACAAAUAAGGGAGUGCACAGCCCUGAGAGGUUACAUGGCCUGCCCAAGAUUCAGUCAAAUCGAUAGAGUAAAGAGCAUGCCUAGGCCUCCCCACUCCACAGUAAUGCUUUUACAUUCUCCAACCCUGGCUUUAAGCCUUGUCCAUCCUGAGCCCAUAUAUCUAGCCCAACCUAGUCCCUGAAAACAAGAGGCCUAAGAAAUCUUCCAGUCCCACUAUCAGAGGCCAUUGCUGUCUCUCAGUCUCCUUCAGCCUGUGCUUCUCCCUCCUGCUGACAGGCAGAAGGUACUGUGCCUCUGGAUAUCCCACAGUGCCCUGAGCUGCAUCUGCAAUUGUGCUAAUACAACAGUGACACUGUGUGUGCUCUGCCACCAGUAAUCCAUGAUGCUGGUCCUGCAUCUAGCUGUCAUAUAUCUAGUGCACUCAAUAAAUGUGGGUAUUGGUACAAUGA
5	chr1_GL383519v1_alt	1	GCCAGGUCAGGUCAAUGGGCCGAGGCGUUAUCGCCAGAUGGAGACUGCGCUCGAGCAGGAUAAUAGCCUUCUUGGCUGCCAGUCUGCCAGCAGAGCUGGAUUUGGGAACCAGCGCCGGUGGCUUCAGUCUGGCCGGCGGUGUAGGGUGCGGUGGUCUCCAGCUGGUCGGAGGAAGGUGUAGGAGAACUGUUUGGAUCCCUGCCCACCCCCAGGGCUGCCCCUCCCCAUUUGCCCUUACCUCCAUCCCAGGGCAGAGGGUAGAGAAUAAGACAGGCUCAGGUGCAGCCCAGGUAGACCGAAGCUUCCUGAAGCACUAAUGCAGCAGCAGGCAAGAAAUAGAGAUAAAGGCGUCAGGAGGCAGGUAGAGAGAGAAGGUGAGAGAGUCAGGAGGAUUUGGGACAAAGAUGGAGAGGGAAAUGUAGCUUGGGAGGUAGGCUUAAGGCAGCAGGCGUCCAGGGAAGGACAGGACACUUCACAGACAUGACGAAAGUAGGGAGAUUCCAGGUGUCCGAAUGGCCCUGGAUUGCCACGGGCAUAAAGGGGUCAGUGCACAGCUCUCAGGCCUUCCGAUGGCGCCUCCCACCCUACCAUGACCUGGGAAGGCUCUGGCCCUACGUACAGCCCGAUUUCAGGCAGUAUUUGUCGGGACCUCCAAACACCAGAGCCGAGCCAGCCCAGCCCCAGCCCCAGCAGCUCCAGCUGCUCCAUCGCGAACCUGUAUCUUUCGGGCAUACCCUUAAGUCAGACUCACGCAUACACAAAGAAGAAACUUUGAGAGCCAGGCGCGGGAGAAAGCGGGUCGGUAACACCGAGCCAUCAGUACAGCGUAGGGUCAGGUAGGCUUGCAGCAAUGGGAACAGUGCUUUCGCCAGCACCCAUUCUGGCCUGCUUUGAGGGCUCAUCGCAAUAGCCCAGUCAGAAAUUACCCUUCUCCUGCUUCGUCACGGGCCUGUAAACCCAGUCAGCAAAUGGUGGCGAACACCGUAUGCGCGGCAGGCAAGAAGUUGGGGAAAAGGGCUGUCACUGCAUACUCAGGUCUUUUACGUAGUCAAGCGUGCCAAAGUAUGUUCCUGGAUAGUGGCGGAAGGAAACAGGCAGGUUUGAGCAGUGCUUCCGUUUGAUCAAGGUGGGCUUUGACCCACGCUCAAGUCUGUGGUGUCCCUCCCGGCUGGCCUGAUAUGGGAGGUUGGGCACAACCAAGUCGGAUCAUACUUUCUCCAAGAGACCGGAAAGGCCAGGUAGUGCCCUUGCUGAAAUUGACAGAUCAUGCAGCAUUGCUCUGUGGAGGAAUAUCAUGGCUGGUGGGAAGCUGCUUUGAAGGGCUACCAGGGAAGGGGAGACCAAUGUGGUACCCUCUACACUGUCCUAAGUGCAGUGGAGGUACGGCAAGAAUUAUCCUGCAAGGCGCCCCUAAUAAGGCCAGCCAGUAGCUGGCAAAAGCCAAGGCCAAAGAGCUCCGUGGCAAGGUCCAAGGCCCUUGAGAGAAGGAAGAGUGAGGGCCUGUAACUAUAGGAAAGCUGAUCCAGAAUACUUUAGCGGAAAGCUGAACUGUGCCAUAAGCAAUAACUCAACAGUAACUUCCCGACCCGGACUUCACAGCAGCAUUGAGCUCAGAUGGUGGACUAUAAUGUCCAUGCCGGAACCAGGGCAACUCCACAUCAUCCGGGAUCAGGGAUUCCGCCAGGGCCCAGCUUUGUUCCACGCGAUGUGCCCAGCUUGCUAUUUUUACAACCGCCAGACAUUACCAUCAUACCCGUUCCCAGGUCAGCCUGCCUACCUUUCCCAGGCUCCAGUCCCUGUUUCAGCAUUCCCCACCACAUCUGAGUAAGCUUUGUCCAGAUACUUACGGUCGAUCCAUAGCUACCUGGCACAGUACAUCCGAAUGUUUGAAUUUUUACUCUGAAUGCCCUGUCGGAAAUGCUAGAUUUUGAACUGGGACUCGGUUACAUCAGCAAUACAGGCAGUGGCCGUCCUUGCAGGGAACAGGCUAUCAGGAUUCACACACCAGGCCUUGCUAAUCCCAGGUCACCAUCUUUGGGAAAUUGAAAUUGGGAAGUGUCCCAUUUGACUGUGGCUCCAUAAGGAACCUGACCGUGCUAGAAGAACCUUAAGACUCGCUGGCCCAGCCACUAGACUCAAUAAGGAGUGCACAAGCCUGAGUUACAUUUGGCUGCCAGAUCGGUGGCAGAGUAAGAGCUAGCCUAGGCCUCCCACUUCAAGUUUACAACUCCAACGAAAUCUAAGCCAUUGCACAUACCUGAGCCCAUAUUUGCCCAACCAAGUCCCUGAAACUCAGAAGGCCUUAGAAUCUACUCCAGUCCUAUAGGGCCAACUAGCUGGUUUCUCCAGUCUCCAGCCAGUGCUCCACACCUCCCUGAGUGACUGGUCAGAAGGAAGCUGUUGCACCUCGGAUACUUCCCCACAGUGCCUGAGCUGCAUCUUUAGUGUUUGCUACAUCAGGUGACAUUUGUGUGUGUAGCACAUAUACCAGACUGCUCCAGAUCGGGUCACCUAGCAUUUGGUGGCAUAUAUCUAAGUCUAAUAAAUGUGUGACAGAGCUUUCCACAUCAUCCAUAUAUAACAUAACAUCCGCACUACAUAUUUCCAAAU
6	chr1_GL383519v1_alt	1	GUGGGGCAAGAUGGCGCGGCGCCCAUGGAGCUGGCACAGCUGGUACAGGGGCAAAGGCAGCCAGCUCGAGACCCGGACCGCCUGGCGUGCUGAUCGCAGAUUUGGUAAAUUUCAGGUACCAGAUCGGGCAACCCCUGCCGGCAGAGCCCUCACCGGGAACUUGCCUGCCCUUCGGACCAGUUUUAUGGAGAGGUUAUUCAGUCACAGAGAUCAUCACCCACACGAAGAAGUACAAUGAUUAAUCAGUAGCACGGCAGCGGGGCAGACACCCUGGCCUAUGUACUCCGGGGAGAAGUUAAUCCCGGGUAAAUGGUUCAUUACAUAGGAGAAUGGACACCAGAACAGGAAGAGGCCCGGAAGUGGUAUGCAGAGGCUGAAUUAUCUCUCCCCAACUCCAGCUCUGCGGCGGCAGUACAUAGAACAGCUCAAAUGACUGGGAGAUAAGAGCCAGGACGGAAGAGCUGGGAAGGGAUGAUGAGGCUCGGGAGUGUCUGGACCUGCACAGCGCCAGGGCUUUUGGUCGCUGGAGAUGCCCUGCCCUCAGGACGUCAAUUUCAAAUAUGGCCCAGCAACUGGUCCAGUGGUAAUGCACCUGCGGGGGCUGCACAACCUCGGUAAAGUCCCACGGAUAACCCGGGGAUGGAAAUAGAGGUCUCCGCUAUGACAGACACCAGCGGCAGGCAGUAAGGAAGCCUAUCCGCGCCAGAUUGUGCUGGCAGGACUGGCAGCCUCUGGUAGGCCGCCCUGCCGGCAUUCCCUGCCAGCGAUACCAGCGGGCCAGGCACCCAGGACCCUGGCAGCAAUUAGAGGAUGAAGAGGAAUGAUUUGUCCGUCCCAGACUGGUCUUCACUCAUAUCCAGAGGCCCCGUGCCUCCGUUGGCGGGUACAGCCGGACGCGGGGUGCUGCCACCCAGAAUAAAGCUACCGAAGAAA
7	chr1_GL383519v1_alt	1	GUAGAGGCCGGAAGUGGUAUGCGGAGGCUAUGCCCUUUCCCCUUCAUUUCCUCCUGCCUGGCCGCAUGCAGCGGCAGUUUGAACGGCUACAGCUGCUGACUGGGAGCACAGGCCUGAGGACGAAGGAAGAGCUGGAGAAGGAGCUGUACCGAGGCUCGGGAGUGUCUGACCCUGCUCUCAGCGCCUGGGCUCUCAAAAGUUCUUUUGGAGAGAUGCCCCUGCCUCCUUGGACGCCUCGUCUCAGCUACUUGGCCUGCUGCUGCAGGCACAAAGCUGCCCAGUGGGGAAGCUGCAGGGUCCACCUGCGCGGGCUGCACAACCUCUGUGCCUAACUGUACCCACAUUCUCAGUCUCAUCUCACCCCCUGGGAUGGAGCUGAGGUACCACCGCAACCAGACACCAGCAGGCCCAGAGACUGAGGAAGCCAUACCAUACCGGCGCCGGAACCAGAUCCUAUCUGUGCUGGCAGGACUCUGGCAGCCACCAUGGUGGGCUACGCCUUGCUCAGCGGCUGACACCAUCCAGCGGCAACGCCUGCUCGGGCCCAGGGCACUCACCCGGACCCUGGGCAUGGCUGAGGAUGAAGAGGAAUGAUUUGUCCUCACGCUCCCUGGACUGGUUUCUACUCCAUGCCCGGAGGCCCCGUGCCUCCUCGUUGUUGGUACAGCCAGACUCAGGGUGCUGCCACCCAGAAUAAAGCCACACACUGAAAAAG
8	chr1_GL383519v1_alt	1	UGGCCGCAUGCAAGCGGCAGUACAUGGAACGGCUACAGCUGCUGACUGGGGAGCACAGGCCUGAGGACGAGGAAGAGCUGGAGAAGGAGGAGCUGUACCGAGAGGCUCGGGAGUGUCUGACCCUGCUCUCAGCGCCUGGGCUCACCAAAGUUCUUCUUUGGAGAUGCCCUGCCUCCAUUGACGCCUUCGUCUCAGCUACUUGGCCCUGCUGCUGCAGGCAAAGCUGCCCAGUGGGAAGCUGCAGGUCCACCUGCGUGGGCUGCACAACCUCUGUGCCUGCUGUACCCACAUUCUCAGUCAUCAUUUCCCCUGGGAUGGAGCUGAGGUACCACCGCAACGCCAGACACCAGCAGGCCCAGAGACUGAAGAGGAGCCAUACCGGCGCCGGAACCAGAUUCCUAUCUGUGCUGGCAGGACUGGCAGCCACAUGGUGUUACGCCUUGCUCAGCGGCAUUGUCUCUCCAUCCUGGCGGCAACGCCUGCUAGGGCCCCAGGCACCCGGACCCUGGGCAUGGCUGAGGAGGAUGAAGAGGAAUGAUUUGUCCCUCACGCUCCCUGGACUGGUUUUCUACUCUCAUGCAUUCCGGAGGCCCCGUGCCUCCUCGUUAACGCAGUACAGCCAUGGACACGGGGUGCUGGCCACCCAGAAUAAAGCCACUCACACUGAAAG
9	chr1_GL383519v1_alt	1	ACAGCUGCUGACUGGGAGCACAGGCCUGAGGACGGGGAAGAGCUGGAGAAGGAGCUGUACCGAGAAGGCUCAUGGAGUGUCUGACCCUGCUCUCCAGCGCCUGGGCUCUCAAGUUCUUCUUUGGAGAUGCCCUGCCUCCUUGGACGCCUUCGUCUCAGCUACUUGGCCCUGCUGCUGCAGGCAAAGCUGCCCAGUGGGGAAGCUGCAGGUCCACCUGCGUGGGCUGCACAACCUCGGUGCCUGCUGUACCCAUUCUCAGUACAUACUUCCCUGGGAUGGAGCUGAGGUACCACCGCAACGCCAGACACCAGCAAGGCCCAGAGUUGAGGAGGAGCCAUACCGGCGCCAGAACCAGAUCUAUCCUGUGCUGGCAUGACAGGACUGGCAGCCAUGGUGGGCUACGCCUUGCUCAGCGGCAUUGCACACAUCCGGCAGGCAACGCCCUGCUCGGGCCCCAGGCACCCGGACCCUGGGCAUGGCAAGAGGAGGAUGAAGAGGAAUGAUUUGUCCUUCGUCCCUGGACUGGUUUUUCUACUCAUGCAACCAGAGGCCCCCGUGCCUCCUCGUUGUUGGUACAGCCAGCUCAGGGUGCAGCCACCCAGAAAUAAAGCCACACCACUGACUGGGCUCAAAAAUA
