20	chr1_KI270761v1_alt	3	CUGCCAGUAGCAUCGUUCGGCUCCCGUCCUGAGAUUAAGCCGUCGUCUAAGUACGUUCAGCCAGUACAGUGAAACUGCGAACUGCUCAUCUGCCAGUUCCCACAGCUGCCACUUGGAUAACUGUGGUGCUGGAUAGAUAUAGCUAGUGAUACAGGGCGAAGUGCCCUCGCGGGGGAUGUGUGACAACAGAUAAACCAACCCGGUCAGCCCCACCAGCCCGGCCGUGGGGGCAGGGGCGCCGGCGGCUUUGGUGACUCUAGAUAACCAUAGGCCGAUCGCGCCCCGUUUAUUUUAUUUUAUACUUUCACAGGUAUAGAAAAGCCGUUAUUGAAACCGGAGGUUUGAUGUGUCAAAGAUACCCUCCACAAAUCAGUACCUUGAUUAAACUAAAAUAAGGAGUCAUCUCAUUAUCUUCAUCUUCCCUCUUCAUUAGGACCGAUUGUAGUUUGACCAUCUACACUUGCAAUUUUUAUUGUAUCAUAGUGUUAAUAUUGCUUUUUAUCUUUUGUUUUGUUUAAAUACUGUCAUUGAAAGUCACUAAGAAAAAUCAAAGUAAAACUGGUUGAAUAAAAUUUUAAAUUGACUCUAAUGUAAAUAAACCAGACAAAAAUGAUACUUUAAUGUUAUCCCCUCAAACAAUAUUUAUAGAGUGUAUACCCAUUGUAUUAGGCUGUUGGAAUAAACAGGGAAGAAGACAGAAGAAACUGCCCGCCAUCAAGAUCUAAGCCAAAUUCCUCUGAACUUCUUUAAAGACGUGCUCUGGAAAAAAUGUUGACUUAUCACCUACACAUGGAGGAGGUCUUCAUGACCACCUUUGUCUGGACAAUGUCCCUGUUUUUAGGUGCUCGUUGAGGGCUGGAGUUCUGACCUACAGUGCUACUGCAGCCCUGCACGUGGUUUGUCCUGACUUCUUUGCUACUUUUACUUUUUCGUAAGGCUCUAGAGUGCAGGCCCUUGUGGGUGGACACUGCAGGGUGAGAGGAAGAAGUAAACUACUCUCCGUCUUGAUGGGGUGUGGGUUCCUGGCAGCAUUAAGCAACAGGGCGCCUGAGGCCACAGACUUCAGCACCUGAGAGGCAGUUCAGUCGUAUUGGGAGAUGCAGGCAUCUGGGUUGCUGCACAUCCCAGGGCAGGGUUUCAGCAGCCCUGGAGUGCAGAGUUCCCAUCAGCUCAGCAGUGAGGGGCACAUAGGGCUCCAGUGGUGAGGACUUUAGUCCUUGGAUGACAACACUCCCUGCCCACUCACCCAGCCUCCCUGUAUCCUCAAUCCUUAACCAAUCUCUGUGUUACAUCACUUUCAUAGUUUGCAAUAUGUAGUAUUCUGCUGACUGGACAGUAUCUACUGGAGUUAAUAUCUAUCAGAGUAAUUAUAUCACAAUUGCAAUCUCUCCUAAGAGUAAAUAGUGACAUUAAAAUCUUACAUUAUAAAUAUGCAGAAAUAAAACUAAUUAUACAAAAAUACAAAAAAAACUAAAAA
21	chr1_KI270761v1_alt	3	CUUUCACCUUCCUUCCUUUCCCUUCAAUCAUCGAAAUCGUGUGUGUGCAGCAUCCCUAAUAUGCCUCCUUUUCUGUCUGCCAUUCACCAAUCUACAUCAAAAGGAUAAAAAUCAUGUUUUGAGCAGGUGUGGUGAGUAAAAUGAGGAAAUGUAAUGAAAGUGCUUUUAGAAAUAGUACAGUUCUCCGAUGAAUAAACAUAUACUUUUUAGUAGAUGUGUUAACUUUAAAGCUAACUAUUCUGCACAACCUAAGAGAUUUUGCUACUAUUAUUAUAUAACUUCCAUUCUCCAGAUUCCUAUUCAUACUAAGAAGCUGACUCAAAUAAAAUGGCGGAAGUCUUGCAAAAUAAAGCAUGACCCACUUUAAAAACAAUACUGGAUUUAUAUUUUGUUUAUGUGUAAAAUACUUAGCUUUAUAUAAAAUAUAUAAUAUAUCAUGUAAACAUACACAGGUGAAUAUAACUAUAACAUUUUUAUUUUAACCCUGGUUAUGCAGAGCUUGGGAGACUCCUAUGUCUUCUGCCUAGUAUGUGGUCCUCAUCCUCAUCUCCACUGGACCUUCAUUUUUAGCUUUAAAUCUCAGUGAGGAAGAACUAGAAUUUGGGGUCUGCUGUUUUAUCAGACAAGUAGUUGUUUUUGCAAACCUCAUGUGCUUAUUACUUGCCUUAAUCAAUCUUUCAUACAAACUGAGAAGCAGGAGGAAAAUAACAUCAACACUAAGGCAUCUGACUUCAACUCACUGUUCCAUCACGUGACACUCAGCCUGUGUUAUACUGACGAUGAAUCGCCUCUGACUUCAUUCUGUUUCCUUCUCUAUCAUGAAUACUCCUGCCUGUGUUAUAUGCAGAAGAUGAAUCAAGAAAAAAUUGAACUAGGAUCUCUAAGGAGGUCACAGUCAGUCUCUAUUCAGGGAACAACUAUUAUGUAAAUGUGAAUGAAGUUGAAUUCAAUAGUUACAAAAUAAAAAUAAGGGCAAUGGACACAAAAUAUAUCUGGCCAAUCAUUGAAAUAUAAUCCAUAAUAGCUGUUUCCAUCUUCUUUGAAAGAAAUUAAAACUUUUUCCAACUUUCAUCUCUGGACAUAUAAAUGUUAAAUUUUUGAGCCCUUGCCAAGAAUAAGGACAUAGCAAACUCCUCUUAAAGAUUUUAGCUGUGAUUAUGAUGCAGGACAUUUGGAAUGAAUUUACAAGUUUUCAAAUAUAUUUGUAUCUUGUAGUAAUUACAAAGUAAUUAAGACAUCAACCAAACUUCCAUCUAGGAUGCUACGGUGCUUUAUAUAAAUAUCCAACAAAUCUGAGACACAUUUUAUGUCUGUAUAUAUGAAUAGAUGAUGAUGAUAGAUAGAUAGAUAGAUAAUGUGUAUCAAACACUACCCCUACUGGCAAAUGGUGGCUGAGAUCUGUGUACAAUUUUCAAAACAUUCCAAUAAACUGCAAAACACACCUGCUGACCUCGUCCAUUAUUUGUGGCCAAGUGAAAGCAAGGACCAGAGGAGCGUUCAGCACAUGUGAAGACCUAAAAGGUGUUUGCUCAGUAAAUGUAGGAGCAGGAGAAGGCAGGAGAUGCGGGUUUCCUAAGAAUCUGCUGCUUAGGAAAUGGCCAUCACUAUCAUAAGCCACUAUCAUUAAGCCACUAUCAACAGCUCAACCAGGACACAGGGACAGAUGCAGGGAACUUGCCACACACAGUGAACGGCCCCUGUCAUUCUUCUGUACCCAUGCACUAGUUUGACUUUUCAUGUAAAUUGCUUAAUGCAUACAGUUUAACUUAGGGAUUUCGUUGUAAGUAAAUGGAGUCAAAUCUUCUAUUUGAAGCAUCCAGCAUCCCCAGGAAUUGUUCUAUACUAAUACUAAAAUUGUUACAUUUCUCUUUCCCAAGAGCCUAUGAGUUACUUCCUAUUCUCUCAUAAAAAUGCAGGUUUCAGGGUACCUGCCUAAUAUACACACCUAACCUGAGAUAGAACGCACGUCUCGGCCCGAGAGAGAGCCAGCGCACGUAACUCUGCCUGAUUCCUCUCCAGGGACACCAUCCUCCCUCUCUGCAGUCUACACUUGGAUCUGUCCACUGUCUGUGGUCUUCUAUAAAGAAACAUAAAAAUGAUUGAGACAUUGUCUCUUAGUGUUUUGUAACCCUCAGAAAUUCAUCCCCUCUCAAAAGAAUCAGUCACUCUCCAUAAAAACUCAGUGACAGGAAAAUAAAUACAUACUGUAUGAAAAUCUAAAACUGAAGAAUAUAUAUUAUUAUGUCCAUCAAAUAAUUGGAAAUUAAAAUCUAUUUACCAUUAUGUACAGUAAAUAAGUGUAUAGAAGUAUAAGAAAAGAAUAACAUUUGCUCCAUUAAAACAGAUGAUAAAGAAAAAUGAGGAAAUGCUGUGAAGAACUAAUGGAUCAGAAGCAGAACAAGUCAGGAGCAGUGAUGACCCUUUUCUUCCUGCUAGUACCUCCUGUCUCUGUCUGGCUGAACUCACCAUCAGAUGUUUGAACCUCUCAAGAUGGGUUGGUGGUGUGUGGCCAGGUUAAGAGCACCAACAGGAGUAAAGAAAGUGACCUGCCUGGUUUUUACCGUGUGCUAGGGAGGUUGAAAGCUUUUAGUUGAUACAUCACCUUUGGAGUAUGAAGAAGAAUGCAUUAAGAGCUAAAGAAGUCAGUAGGUAUCUCUCCUGAACAAUUCUUGUCUUUUAAUAGCUACAAUUUUUCUUACCUUGUUAUGAAAUGCAAACUUUAACCAAUAUCUAGUAAUAGUAAAUCUCAAAUCUAUCAUCAUCAAAAUCUUUAUUUAUGAAAAUGUAGGAGUUAGUUCAUAUACAGCCUUAGCCUUUUUCCACAUUAAUAUAAAUAUAAUUCCACAUAUAUAUGUGUGAUCUCAUUUAAUAUAUUCAAGUAAUGUUGUAAGAUAUUGUUAUUUUAUAACAUAUUCACAGGUUAGAAUCUGAAACUCAGAGGUCAACUGAUGUGUCAAAGAUACCUCCACAAAUCAGUACCUUGAUUAAACUAAAUUGGAGUCAUCUUCAUAUCUCUUUCAUCUUCACCCUCUUCAUCAGGACCGAUUGUAGUCUGUUUCCCUCACUUCUUGCGUCUUAUUGUUUAGUGUUGCAUUUAAGAUUUUAUCUUGUUUUUGUUUAAAUACUGUCAUUAAAGUCAUAGAAAAUUUAAAGUAAAUAAUAGGUUGAAUAAAAAAAUCUUUAAAUCGACUUAAUGUAAUAAACCAGACAAAAUGAUACUCACUGUUAUCUUCCUUCAAACUACAAAUAUUUUAUUGAGUGUGCUCCCUGUAUUAGGCUGUAUGGAAUAAACAGGGAGACAGAAGAAACUGCACCGCCAUUUAGAUCUUGCAGCCAAAUUCCUCUGAACUUUUCUUUAAAGACGUGCUCUGGAAAAUGUUGAUACUUUCCUCAACGGUUUACAUGACCACCUUUGUCUAGACAAUGUCCAGUUUUAGUGCACGUUGAGGGCUAGAGUCUCCAUUGACCCACAGUGCUGCAGCCUGCACGUGGUUUGUCCUGACUUCUGCUACUCACUUCGUAAGGCUCUGAGAGUGCAGGCCCUUGUGGGUGGACUGCAGGGUGAGAGGAAGAAGUAAAAACAUUUUUUCCGUCAUUGAUGGGGUGUGGUCAGCAGCUAUAAGCAACAGGGACCAUGAGGCCCAGACUUCAUAGCACCUGAGAGGCAGUCAGUCGUGGGAGAUGCAGGCAUCUGUUGCAGCACAUCACCAGGGCAGGGUUUCUCAGCUGCCCGGGAGUGCAGAGUUCCAUCAGCUCAGCAAGUGGGCACUAGGGCUCCAGGUGGGAAAGGACUCUGGUCCUUGAUGACAACACUCCCCUGCCCACUUCUCCAGCCUCUCCCUGUAACCUUGCCACCUUCUCAAUCUUGUGUUACAUCUCACAGUGCAAUAUGUAGUGACAUAUAUAUGACUGGACAGUAUCUGGAGUUAAUAUCUAUCAGAGUAAUUAUAUCACAAUUGCAAUCUUCCUAGAGUGAAUAGUGACAUUAAAAAUUCUUACAUUAUAAAAUUAUCAGAAUAAACUAAUUAUACAAAAGC
22	chr1_KI270761v1_alt	3	AGGGUGACCUGCCUGGUUUUACCGUGUGCCAUGGUUGAAAGCUUCACGGUUGAUCAUCACCUCUGGGAAGAAGAAUGCAAUAAGAGAGCUAAAGAAGUCAGUAGGUAUCUCCUGAACAAUUCUGGUUUUAGCUUUUACAAUUUUCUACCUUGUUAUGAAAUGCAAACUUUCAACCAAUAAUAUUAGUAAUAGUAUACCAAUCAUCAUCAUCAAAAUCAUUUAUGAAAUGUGUAGGAGUUAGUUCAUAUACAGCCUUGCUUUCCUUAUAAAAUAUAUUCCAUAUAUAUGUGUGUGAUCUCAUUUAAUAUCUAGUAAAUGUUGUAAGAUAUUGUUAUUUUUAUCUAACAUUUCACAGGUAUAGAAUUGAAACUCAGAGGUCAUUGAUGUGUCAAAGAUACCCACAAAUCAGUACCUUGAUUAAACUAAAAUUGGAGUCAUCUCAUAUCUCAUCUUACCCUCUUCAUUAGGACCGAUUGUAGUCUGUUUCCCACACUUGCAAUUUAUUAUUUAGUGUUGCAUUUGAUUUUUAUCUUUGUUUUUGUUUUAAAUACUGUCAUUAGUUUAGAAAAAUUUUAAAGUAAAUGGUUGAAUAAAAAUUUAUAAAUAGCAUUUUAAUAAAUAAACCAGACAAAAAUGAUACUUUUUAAAAUGUUAAAAACCCCCAAGGCAUAACACAAACCAUCAAUAUCUACAGUCCAUCAUCACAUCCGCCCCCACCCCCACAUAUCCUCUUUAAAAAAAAACCC
23	chr1_KI270761v1_alt	3	UCCACAUUAUAAAAUAUUAUUCCAUAUGUGUGAUCUUCAUAAUAUUCAAGUAAAUGUUGUAAGAUAUAUAUGUUAUUUUUAUUCAAACAUUUACAGGUAUAGAAUUUGAAACUCAGAGGUCAACUGAUGUGUGUCAAAGAUACCCACAAAUCAGACCUUGAUUAAAACUAAAAUUGGAGUCAUUUCAUAUCAUCUCUCCCUCUUCAUUAGGACCGAUUCUUGUUCCUCACUUAGCAAUUUUUAUUGCUUUAGUGUUGCUGAUUUUAAUCUUUGUUUUGUUUUAAUACUGUAAGUCAUAGAAAAUUUAAGUAAAUGGUAUUGAAUAAAAAUUUUAAAAUCGACUUUAGCGUAAUAAACCAGACAAAAUGAUAAAAAAAAAACAAA
24	chr1_KI270761v1_alt	3	CCCGGAAAGGUGUCAGAAUGAAUUAUCUAGCUUUUCACCCUGGUAGAAGACUGUGACUUCUUGGAGAUCUUCAAUUUCGGAAGCUAAUGCUACAACAAUGGAGAUUAGCAAUACCUGGACAGAGUUGAGCUUCAAAGGAUACUGAGAAAUGGCUAAAGCAGAUGAUAAAGAAAAAUGAGGAAAUGCUGUGAAGAACAAUAGAACGUUCAGAAGCAGAACAAGUCGAGAGCAGUGAUGACCCUUCUUCCUGCUGUCCUGUUUGUCUGGCUGAACUUCCAUCAGAUGUCUUGAACCUUCAAGAUGGGCUGGUGGUGUGUGGCCAGGUUAAGAGCACCAGGAGUAAGAAAGUGACCUGCCUGAGUUUACCGUGUGCACUAGGGAGGUUGAAAGCUUUUCACUGGUUGAUACAUCACCUCUGGGAGUUUAGAAGAAUGCAAUAAGAGAGCUGAGAAGUUCAGUAGGGUAUCUCCUGAACAAUUCUGGUUUCUUUCUAAAGCUUUUACAAUUUUUUACCUCUGUUAUGAAAUGCAAACUUUUAACCAAUUAGUAAUAGUAAUCUCAAAUCUCAUCAUCAUCAAAAUCUUUAUUUAUGAAAUGUAGGAGUUAGUUCAUACAGCCUUGCCUUUUCCAUAUAAAAUAUAUUCCAUAUAUAUGUGUGUGAUUUCAUUUAAUAUUCAAGUAAAAUGUUGUAAGAUAUUGUUAUUUUUAUUAACAUUCUCAGGUAUGAAUCUGAAACUCAGAGGUCAACUGAUGUGUGUUAAAGAUACCUCCACAAAUCAGUACCUUGAUUAAACUAAAAUUGGAGUCAUCUCAUAUCUUCAUUUCACCUCUUCAUUAGGACCGAUUGUAGUCUGUUUCCCUCACUUGCAAUUUUAUUGCUUUGUGUUGCAUUUUGAUUUUUAUCUUUGCUUUUGUUAAAAUUUGUCAUUAAAGUCAUAGAAAAAUAAAGUAAAAACUGGUUGAAUAAAAAUUUUAAAAUCGACUUAAUGUAAAUAAACCAGACAAAAUGAUAAAGA
25	chr1_KI270761v1_alt	3	AGUAAAUGUUGUAAGAUAUUGUUAUUUUAUUUUAACAUUUCACAGGUAUAGAAUCUGAAACUCAGAGGUUACUGAUGUGUCAAAGAUACCUCCACAAAUCAGUACCUUGAUUAAACUAAAAUUGGAGUCAUCUUCAUAUCUUCAUCUCUCCCUCUUUCAUUAGGACCGAUUGUAGUCUUGUUCUCCCUCUCACUCACUUGCAAAAUCUUUAUUGCUUUGUGUUGCAUUAAGAUUUUAUCUUUGGUUUUUGUUUUAAAUACUGUCAUUAAAGUCAUAGAAAAAUAAAGUAAAAACUGGUUGAAUAAAAAUUUUAAAAUCGACUUAAUGUAAUAAACCAGACAAAAAUGAAAAAAGC
26	chr1_KI270761v1_alt	3	UCAGCUCUAGUACUGAAUCCCCGGUGGUGUCAGAAUGAAUUGCAUCGAAGCUCACCCUGGUAGAAGAACUGACCUUUUGGAGAUUUCAAUUUCGGAAGCCGAUGUUACAACAAUGGAGAUUAGCAAUACCUGGACAGACUGAGCUUUCUAAGGAUACUGAGAAAAUGGCUAAAGCAGAUGAUAUAAAGAAAAUGAAUGCUGUGAAGAACUAAUAGAACGUUCAGAACAAGUCGAGAGCAGUGAUGUGACCCUUUCCUGCUAGUACCUGUCUUCUUGUCUGGCUGAACUCACCAUCAGAUGAUGUCUUGAACCUACCUAGAUGGGCUGGUGGUGUGUGGCCAGGUUAAGAGCACCAACAGGAGUAAGAAAGUGACCUGCCUGGUUUACAUGUGUUUGGGGGAGGGUUGAAAAGCUUUCGGUUGAUACAUCACCUCUGGGAGUUGAAGAAGAAUGCUAAAGAGCUAAAGAAGUCAGUAGGUAUCCUGAACAAUUCUGGUUUCUAAUAGCUUACAAAUCACCCACGUGUUAUGAAAUGCAAUCUUUAACCAAUAUUAGUAAUUAAUCAUCAUCAAAAUCUAUUUAUGAAAUGUGGAGUUGGUCUUCAUACAGCCUAGCCUUCCUUACUAUAAAAUAUAUUCCAUAUAUGUGUGAUCUUCAUUUAAUUAGUAAAUGUUGUAAGAUAUUGUUAUUUUAUUCUAACAUUCACAGGUAUAGAAUCUGAAACUCAGAGGUCUGAUGUGUCUGAGUACCUCCACAAAUCAGUACCUGAUUAAACUAAAAUUGGAGUCAUUCACAUAUCUUCAUCUUUCUCCCUCUUCAUCAGGACCGAUUGUAGUUUGUUCCCUCACAUCUGCAUUUAUUGCUUUAGUGUUAAUAUUUGAUUUUAUCUCUGUUUGUUUUAAAUACUGUCAUUAAAGUCAUAGAAAAAUUUAAAGUAAAACUGGUUGAAUAAAAAAUCUAAUUGACUUAAUGUAAUAAACCAGACAAAAAUGUGAAAAG
27	chr1_KI270761v1_alt	3	AGAAAGUGACCUGCCUGGUUUUACCGUGUGCACUAGGGAGGGGUUGAAAGCUUUAGUUGAUACAUUCACCUCUGGGAGUUGAAAGAAGAAUGCAAUUAAGAGAGCUAAAGAAGUCAGUGGGUAUCCUUGAACAAACUGGUUUUUCUUAGCUUUACAAUUUUACCACUGUUAUGAAAUGCAACUUUUAACCAAUAUUAGUAAUAGUAAUCUCAAAUCUCAUCAUCAUCAAAUCUUAUUUAUGAAAUGUAGGAGUUAGUUCAUAUACAGCCUUAGCCUUACCUCCUCAUUAUAAAAAUAUAUUCCAUAUAUAUGUGUGAUUUCAUUUAAUAUUCUAGUAAAUGUUGUAAGAUAUUGUUAUUUUAUUUAACAUUUCACAGGUAUAGAAUCUGAAACAUAGAGGUCAACUGAUGUGUCUAGAUACCUCCACAAUCAGUACCUUGAUUAAAACUAAAUUGGAGUCAUCUUCAUAUCUUCAUUCUUCUACCCUCCUUUCAUUAGGACCGAUUGUAUUGAUUUGUUUCCUCACUUGCAAUCUUUAUUAUUUUAGUGUUGCAUUUGAUUUUAUCUUUGUUUUGUUUAAAUACUGUCAUUAAAGUCAUAGAAAAAUUUAAAGUAAAACUGGUUGAAUAAAAUUUUAAAAUCGACUCUAAUGUAAUAAACCAGACAAAAUGAAAAAAAAU
28	chr1_KI270761v1_alt	3	GCAAUUAAGAGAGCUAAAGAAGUCAGUAGGUAUCUCCUGAACAAUCUGGUUUUCUAAUAGCUCUUACAAUUUUUUACCUCUGUUAUGAAUGCAAACUUUAACCAAUAUUAGUAAUAGUAAUCUCAAAUCAUCAUCAUCAAAAAUCUUAUUUAUGAAAUGUAGUUAGUUCAUAUACAGCCUUAUACCUUUUCUCCACAUUAUAAAAUAUAUAUUCCUAUAUAUAUGUGUGAUCUUCAUUUAAUAUAUUCAAGUAAAUGUUGUAAGAUAUUGUUAUUUUUAUUCUAACAUUUCAAGGUAUAGAAUCUGAAACUCAGAGGUCAUGAUGUGUCAAAGAUAGAUACCCACAAAUCAGUACCUUGAUUAAAACUAAAAUUGGAGUCAUCUCAUAUCUUCAUCUUCACUCCCUCUUCAUCGGGGACCGAUUGUAGUCUGUUUCCCUACUUAUAAUCUUUAUUGCUUAGUGUUGCAUUUGAUUUUAUCUUUGUUUUUGUUUAAAUACUGUCAUUAAAGUCAUGGAAAAUCAAAGUAAAAACUGGUUGAAUAAAAAUUUAAAUCGAAAG
29	chr1_KI270761v1_alt	3	CACCUGCUAGUACCCUGUCUGUCUUGGCUGAACCAUCAGAUGAUGUCUUGAACCCAAGAUGGGCUGGUGGUGUGUGGCCAGGUUAAGAGCACCAACAGGUAAGAAAGUGACCUGCCUGGUUUUACCGUGUGCACUGAGAGGGUUGAAAAGCCACAGCAUGAUACAUCCUAAGGAGUUGAAGAAGAAUGCAAUUAAGAGCUAGAAGUCAGUAGGUAUCUCCUGAACAAUCUGGUUUUCUCAAUAGCUUUACAAUCCUGUUAUGAAUGCAAAACUUCUUUUAACCAAUGCAGUAAUCUCAAAUCUCAUCAUCAUCAAAAUCUUAUUUAUGAAAUGUAGGAGUUAGUUCAUAUACAGCCUUAGCCUUCUCCUACUAUAAAAUAUAUUCCAUAUAUAUGUGUGAUUUUCCUAUUUAAUCAAGUAAAUGUUGUAAGAUAUUGUUAUUUAUUUAACAUUUCACAGGUAUAGAAUCUGAAACUCAGAGGUUUAUUGAUGUGUCAAAGAUACCUCCACAAAAUCAGUACCUUGAUUAAACUAAAAUUGGAGUCAUCUUCAUCUCAUUCUCUCCCUUUUCAUUUAGGUACGAUUGUAGUCUGUUUCCCUUCACUCACUUGCAAUCUAUUGCUUUAGUGUUAAUACUUGAUUUUAUCUCUUGUUUUUUGUUUAAUACUGUCAUUAAAGUCAUAGAAAAUAG
30	chr1_KI270761v1_alt	3	CAUAUCCACACAAAAUUUAUCCAUGAAAUGUAGGGAGUUUGGUUCAUAUACAGCCUUAGCCUUCCACAUUAUAAAAUAUUCCAUAUAUAUGUGUGAUUUCAUUUAAUAUUUAGUAAAUGUUAGUAAGAUAUUGUUAUUUUUUAUUUUAACAUUCACAGGUAUAGAAUCUGAAACUCAGAGGUUUGGUGUGUCAAAGAUACCACAAAUCAGUACAUCUGAUUAAAACUAAAAUUGGAGUCAUCUUCAUAUCAUCACCUCACUAGGGACCGAUUGUAGUCUGUUUCCCACUCUGCAAUCUCAUUUGUUUAGUGAAUGGCAUUUGAUUUUAUUCUUGUUUUGUUUUAAAUACUGUCAUAAGUCAAGAAAAUCAU
