0	chr1_KI270761v1_alt	0	UUUAGACUUAAAAAUGAUCUGUUUUAUGAGUUGCAUGAUACACAUUAAUCAAACUUAACUAUGUGCCCCUAAGAAUUGUCAGUCAUAUCAGCUCUUUCGUUCCCAGUGCAUAGGUGAGUGUUUGAACACGGAAUGUGUUGUGCUUCAGGCAUUUGUCUCUAAGGGAUGGAAUGGAAAACCCUUCCCUUUCAAGCUUUACAGGUACGUUGUGUCAAGUAGAGAAGAUCAGUUCUGGUUAGCAGCUUUAUUGCCACAGAAAGGCUCGGCAGAUUUCUAGCUUAGUCAUGCUGAAUACCCGGAAAAGGUGUCAGAAUGAAUUGCUCUAGCUCUUCACCCCUGGUAGAAGAACCUGUGACUUCUCUGGAGAUCUCUCAAUUUUGGGAAUGGUGAAGCAGCUUCACUGAGCUGGCGUGGCUUAGAUUUAUUGUCUGAUAGACUACAGAAAGAUGGAAAAUAAAAGGCGUUGUCUGGAAAUGCUGUCCUGAUCCUUCUGAUACACUGUGACGCCCACCUCCUGCCCCAUGUUUUUUUAUCAGUAAUUGUCUCUUCUGGUCAUGGCGUACAUUUUGUCACUGUGCCAGAGAUGCUCCUGGACCAGGUCAUGGGUGUGAAUAAGGUCUCAGCCCCUGAGUGUGGGAUGCAGAUGUUCCUCUAUCAGCACUGCAGGUCGGAAUUUUUUCCAUGGCCACCAUGGCCUAUGACCGCUCGUGGCCAUCUGCCAUCCACCCGUUACCUGUCCUACGCAUGACUUUCGGGUCUGUCUUCCUGGCAUCAGGCUGCUGGUUCUCCUGGGCUCAGUGGAUGGCUUCAUGCUCUCACUCCCAUCACCAUGAGCUUCCCUGCAGAUCCUGGGAGAUUCAUCAUCUUCUGUGAAGACCCUGCUGUAACGAUCCUGCCUGCUCAGACCUUUCCUUAUGGGACCUCUCAGUACCUAUGCUGUGUCCUCAUGCUCCACAUAUCCCUGUGACGAUCAUCUUCAAGCUCCUAUACAUUUCAUCCUCCACCGCCACAGGAUGAACCAGCAGAGGGCCGAAAAGGCCUUUGCCACCUGCUCCCACCUGACUGUGGUCAACACCUCUUAUGGGCUGCCGCUUACACCUACCUGCCCUACCACACCCCAGGAAGGACAUGAUGGUAUCUGUCUUCUAUACCAUCCUCACUCCGGUGCUGACUCCCUUUAAUCAUAGUCUUCUAGGAAUAAGGAUGUCGUGGGGCUAAGAAAAUGUUAACUGUGAGAUUUCGUCCUUUAGGAAAUAUAAAGUAGGAAUUUGGAUAUAAAGAUUUAUUUUCCUUCACCACACUCUUACCCAUCAGAUACUAGGAUUUUAUCCCUGUUAUUCCUUGGACUCAUACAAUGAUGCCUCAUCAUUCAUCUCAUUUUGGAGGAAUUUUCAAUGGAAACUCUAUUUUAUAGUCUUUUCCAUCCAAAAUUCUUUACAAUUGUGUUAUACUAAUGUAACAUUUUGGAAGUUGAUAACUGUCUCUCUAAUUUUUGUGAAAUAUUCUUAACCUCAGGAAAUACUUAAUAUUUAGAGACAAAAAGGUCAGAGUGUUCAAAUGAUGAGAGGGAAAGAGGGAGAAAGAGAGGGGCAAUGAAACAAACUGAGUUUCAAUGUUGCUGCCACACGAUGGGUACGGGAUAAAGGGUAUAGGUAUUGCUGUACUAUUGUUUCAAUGAUUUUUGUGAAGUUGAAAUCAUUUACAAAUAAUUAAAUACCAGGCUUUUCUCCCUUUGAAAAUAUUCUCCUCUGCUUGGUGGCGGUGUGACAUCUUAGAAAUCAUGCUCAUUCUUAUUAUCUAAUCUCAUUACCGAGAAAUCUCAGUCAUCGCCUUUUAUUGAGGGCUACAUUUUUGCAUGGUCCAAUUCUGAUGGCGUCUAGUGGAUUUAUCUCUCCGAAAUAAUUACUGCCAUGGUGUAUUGAGGAUGCAGGACCACAUAAGCUAAUAGAAAAAUAUGACACCUGAGUAGAAGGAGUCUUGGGAGGAAGGUUACCUGCCCAGGGUGAUUCCUGGAGCUGAGAUUUCAAACAUGUAUCUUGUUAAUCAAACAAGCAGAGGAUGCAUCAUCAACAUUUCAAUCCACACUUAUUUAACAAGCAUUUUGUACUAUUUUAUAAUUAAAAUAGUUAAAUAAGAUUAAAUUUUGAAUAGCACAUGGCUUUUACCAAGGGUCUUGAAAAUACAUGUGGUUGUUUAUGCAAACAAAUGUAAGAAUAAAUAAAGCUGUUUUGAUACUUUCGUUGUGAAGGGCAGCUCAUAAGGACUAAUCUAUCUGUGACAUCUGAGUUCAAACAAGGAGCUGAGAGGAGACUCCGGGGUCAGUGCUGAAUAGUGACGAAAAAGUUACCCUUCAGAUGAGUGUGUGAUGUUGGAGCCAGGGAACUUGCUGAGACACGCUGCAAGGGAAAAGGCACAGCAUGAGCAAAGACAGGGCUGAGCAAGCGAGAGAGAGAUCAAUGCCCAGUAGAUUUCUUAUUUCAUGGCAGGCUAUUUUUGCCCUUGUGUGGCCCAGGGUUUUACAAAACAAUAGUGAAAAUGAUCAGAUUUGUAUUUAGAAAAUGUUAUUUGUGUGGUGAUCAAUUGGAGAUGUGCAAGACCAAAAACAUAGAGACCAGGUACAUGAGAAUGGUGAUCUAAAUGAUGUUGAUCAGUGGAGUCGACCAUGCCUUUACCCGAGAAAAUAGGCUGAUAGGAGGGCAUUGGGUGGGGCCUGCUGAACCUGUUACCUAAAGCAUCAUGUGGUAGCUGCAUGCUAUAUUUUCCUAAUUGGCUAUGUACAACUUGCGAAUAAUCAGGUGUUUCAACAGUACACAUUCUCUUCCACUUUCAAUUAUUUUUAUGACUAUAAUAUAAAGAUUCUUGUAGUGCUGGAAAAUAUGAGAGAACUAGUUUUAAUAUUUUCCUGAACAAGACAAUAUAAAAUGCAUACUCUAACUUUGUAUGAAUUAAAGAGCAUUUGUCAACUCAAAG
13	chr1_KI270761v1_alt	0	GACCUCUUGGAGAUCUCUCUUCAUAAUUCGAAUGGUGAAAGCAGCUCACUGAGCUGGCGCGGACAGAUUUAUUGUCUGAUGGAACAGAAAAGAUGGAGCAAAAAGGGAAACUGUGAGCCAGUCAUGUGCUCAGGGAUCCGGACCAGAAUCAAACAGCAAGCACUGAUUCACCCACGGCUUUGCUGAGAGCAAGCAUGCUGCCCUCCACUACACCGUGACCUCCCUUCUCUUCUUUCUUGAUGGCCCUCACUGGGAAAUGCCCUCCUCAUCCACAUCCACUCAGAGCCCCGCCUCCACACCCCCAUGGGUUUUCAUCAGCCAGCUCGGCUCAUGGAUUUCGCGGUUCCUAUGCGUUGUGCCCAAGAUGCUUGUGGGCCAGGUCACUGAGAUGAUACCAUUUCCCCGUCAGGCUGUGGGAUCCAGAUGUUUUCUACCUGACCCUGGCUGGAGCUGAGGUUCACCCUGGCUGCCUCUGGCCUGCACCGAUAUGCUGCUGUUUGCAGACCUCCAUUACCCACUGCAGAUGAACCAGAGGGUGUGCCAGCUCCUGGUGCUCAGCCUGCUGGGUUGGGAAUGGUUGAUGGUUUGUUGCUUUCACCCCCAAUACCAUGAGCUCUUCCCCUUGCCAGUCUAGGAAAUCCUGAGUUUUUUCUGUGAGACCCUGCCCUGCUGAAGCUCUUCUCCUGCUCUGACCUCUAUAAGACGCUCAUGUACCUGUGCUGCAUCCAUGCUUUCGCCCCAUCAUGGUCAUCUCCAGCUCAUACACCUCAUCCUGCAUCUCAUCCACAGGGAUGAAUUCUGCCGCCGGCCAGGAAGGCCUUGGCCACCUGCUCCUCCCACAUGAUCUAGUGCUGCUGCUCUUCGGUGCUUCCACAACACCUACCCGAGACCUACACAGCUGAGCGGCAUGAUGGUGUCUGCCUUUUCUCCAUCUCACUCCUGUGCUGACUCCCACAUUUUACAGUCUCCGCAACAAAGAUGUUUAGGGCUUGAGGAGCAUGAUGCAGUCAAGAAUGAACCAAGAAAAAGUAGUAAAGGGCAAGCAUUGUCCCCUCCUCUCUAUAAUUCCGUUACUCCCUAUCUCCUCUUUUUGCCUCAGGUCUCCGGGUCCCCAGCACAAAGCCCACUCAUAUUUCCUUUUUAUACGUGGCGUUUUCCCUCCAUACUGCUUAUUGCUCCCAUUUAUCAUACUAGAUCUAAUAUCUUUAGAGUGUUUUUAACUGCACUGCAGUAGCUGACCUAUGAAAGACCUUAUAGAGUGCCUUUUAUCUUAUCUCCCAUCCCAGGUUCUAUUGAGCAUUUUAGUAUGAGACUUGUCUUAACACUUUACCCUCAUAGAGACUCAUUGUAAAGACUUAGAAUCCUAGCAGAGCCAAGAGGAGGAGUAUUGGCUGCUCCCUCCCUUUGCAAUACAUUGUAAACCUCGGUUCAUUGGCAGCCUUAGGGGUCAGUGUUCUGCUAUUAUUGUAUCAGUAAGUCUAAAGAAACGCUUUCUCUCCAAAGGCUGAAGUGAACUUGUAGUGUAAACACCAGUAGUUUUAGCAUUGGCCGGAACCACCUAAACCAAAAAUGAAUCCAUUUCAAAAUAAAGAAUGGGUUUCAUCGUUUUCAUAGUAUGUAAAAUAAAAGUAGUUCCAGAUUUAGUUUCUUUUAGGAUUUAGUCUAUUCCAGACAAUGGUCUACUAUGUUUUACAAUAAAUAUCAUAACAGUCGCGUAAUAAUGGAGACUAGGAAAGCUUUAACCCCUCAGCAUGUUUCUGAAACUGGGAAACCAGCAAAAUGGUUAUAAACUUGUCACUAACCUUAGUACUGCCAGAUGUAUAUCAUGCUACAAAGGUAACUUGUAAUCUAUGAACAUCAGAUCACUAUCAUUUCACUAACAAAAUAAAUUUGCAUAGUAUUUCUGGAACGUGAGAAAUCGGGAAAGAAAUACAUUUGUUCUAAUAUGCAAGAAGCUGAAUCUCGAGCUGUAUCGUGAAGCUGUUAAUACAUUUCCCCUUGGCACAGCCUGACCUUGCCUGAUUUACCGACAAUGGCGGAAGCCAGGUGUUCCCAUGCUGCCUAUCGCAUCUUCGAGAGAAAUGACAAGUACUUGCUACAUGACACAUCGACCGAACACUUUGCUUCUGAAAAUUAUUCCUGCAGUGCAUGAAAGGAGUUUGUCUGAGUUUGUGUACAGAGAUCUGAAUUUGAAGUAAAUUCCUUCCAGUGGUGCAGAAAUAUCACUUGUAAGAGGGGUUGUUAGAGGUGGGUAAAAUUUGGUUUCAGAAAUUGCUGUAAUAAAUAAUGGGCAAAACUGCUCAAAUAACCCUCCAUCCCUUAUUAUUUAUUAUUUUUUAUAUCAUCAUAUCAUUUAUAUCUAUAAUAAAAAAAACC
14	chr1_KI270761v1_alt	0	ACACACAGCUGAGCAGGACAUGAUGGUGUCUGCCUUUUACACCAUCACUCCUGUGCUGAACCCCUCAUUUACAGUUCUGCAACAAAGAUGUUUCCGGGCUCGAGGAGCAUGAUGCAGUCAAAGAAUGAACCAGGAAAGUAGUAAAGGGCAAGCAUUGUCCCCUCCUUUCUAUAAUUCCGUUACUCCCUAUCUCUCCUUUCUUUGCCCUCAGGUCCCCGGGUCCCCAGCACAAAGCCCACUCAUAUUCCUUUCUUAACGUGGCAUUUUCCCUCCUCCAUACUGCUUUUAUUGCUCCCAUUUAUCUUCAUAAGAUUUAAUAUUCUUAGAGUGUUUUUAUAGCCUGCAGUAGCUGACCUAUGAAAGACCUUAUAGAGUGCCUUUUAUCUGAUCUCCCAUCCCAGGUUCAUUGAGCAUUUAGUAUGAGACUUGGUCUUUUAACACUUUACCCCUCGAAGAGACUCAUUGUAAAGACUUAGAAUCCUAGCAGAGCCUAGAGGGGAGUAUUGGCUGCUCCCUCCCUUUUGCUGUUACUGUAAACCUUAUGGUUCACAUUGGCAAUCACUGGGGUCAGUGUUUCUGCUAUUGUAUCUCAGUAAAGUACAAAGAAUGCAUUUUUUCCAAAAGCUGAAGUGAACUUGUAGUGUAUCCAGUAGUUUUUAGCAUUGGCCAUUGGAACCACCUACUAAACCAAAAAUGAAUCCAUUUCAAAAAUUCAAAGAAUGGGUUCAUUUAUUUCAUAGUAUGUAAAUAAAAGUAGCUCCAGAUCUAGUCUUCUUUAGGAUUUAGUCUAUUCCAGACAAUGGUCUACUAUGUUUACUAAAAAAUCUCAUAACAGUCGCGUGCGAUAAUGGAGACUUUAGGAAAAGCUUAACCCCUCAGCAUGUUUCUGAAACUGGGAAAACCAGCAAAAUGGUUAUAAACUUGUCACUAACCUUAGUUUGCCAGAUGUAUAUCAUGCUACAAAGGUAACUUCUGUAAAUCUAUCGAGCAUCAGAUCAUCAUUUCAUUAACAAAAUAAAUUCAUGUGUCUAGUAUUUCUGGAACGUUGAGAAAUCAUAGGAAAGAAAUACAUUUGUUCUAAUUAAUAUGCAAAGAAGCUGAAUCGAGCUGUAUCGUGAAGCUGUUAAUACACCCCUUGGCACAGCCCUGACCUUGCCUGAUUUACUGACAAUGAAUGGAAGCCAGGUGUUCCCAUGCCUAUCGCAUCUCGAGAGAAAAUGACAAGUACUUGCUACAUGACACAUCUACUGAACACUUUGCUUCUCACUGAAAUUAUUCCUGCAGUGCCGAAAGGAGUAUGUCUGAGUUGUGUACAGAGAUCUGAAUUUGGAAGUAAAUUCCAAGUGGUGCAGAAAUAUCACUUGUAAGAGGGGUUGUAAGAGGUAGGUAAAAAUUUGGUUUCAGAAUUGCUGUAAUUAAUGGCAAAAACUGCUCAAAUGGACACCACAGAUGACUAAUUUAACAAUGUUCUUAUGUUGCCAUUAUAUUAUUUAUAUAAUUAUAUUGACCUCAGGAAAGUGUACAGAGUGGGAUUGCUGAAUUAUAGAGUAGCUUUAUUUUUAAUCUUUUUUAUAGAACUGUCAUCAAGUUCAACACAGGCUGUUGCAUUUUUUAUACCAGCAAUGCACAUGUACAAGGGAUCCAUACCUACACACACUCUUGACAGCUCUUGCUAUGUGUAUUGUCUGGUAAUAGCCAUCCUAGCAGGUGUGAAAUUGAUAGCUCAUUGUGGUUUGAUUUGCAUGGCCCUGAUGAUUAGUGGUGAUGUUGAACAUCUUUUCAUUCACCUGUUGGCUAUUUGUAUUGCCUCUUUGGAAAAUGCCUAUUCACUUGUUCUUUCUUUACCAACAUCUUUAAGUUGGGUAAUUUGAUAUUUGCUAGUGAUUUUUGUACAGUUUUUUUAUAUUUUGGAUGCUAUCCUUAUCCAAAAUAUAGUUUGCAGAUAUGUUCUCCCAUUGCAGAGAUUACCUUUCAUUUUGUUGUUUCCUUUCUGUGCAAAAAUUUGGUAUGUUGCCAGUCCUAUUUGCUCUAUUUUGCUUUGUUGCCUUAAUUUUUGUGUCAUAUCAAAAAUAUCUCAGCCAAGAUCAAUGUCUCAAAAGAGCUGUCUUCCCUAUGUACAUCAUCUAGGACUUUACAAGUCCAGGUUCUUCCAUUUAAGUCUUCGAUCCAUCUAGUUUGGUUUGGGGAAUAGUGUAGGAUAAGAGUCCAAUUUCGUUCCUUCUCUGCAUGUAUGUAUCUGGUUUCCCAAUGCCAUUUAUUGAACAGACUAUCCUUUUCAUGCUGCAUUUUGGCACCCUCAUCAAAGACUAAUUGACCAUAUAAGCAUGGCUUUAUUUCUAUAAUUUGUAAUAUAGUUUGAAAUCGGAGUCAUUGAAGCCUCAGCUUUGUUCUUUUUUUAUCAAUAUUGCUUUGGCUAUUUGAUAUUUUGUGCGUUCACAAAAUUUCUAGAAUGGUUUAUUUUAUUUAUGUAAAAAAUGCCUGUGGAUUUUAGUUGGGGUUAUACUGAAUCAGACAUUUUCUGGAGUAAUGAAUCAUUUAAAGAAUAUUAGUUAUUCAUUAACCCAUUAACAUGAGAUAUCUUCCCACUUAUUUAUCUCCUUUUUAGUGAACAGAUUCACUACCCUCAGCUGUAUUUAUUCCUAUGUAUUUAUUCUAUUGGAUGGUAUUGGGAAUGGUAUUCUUUUCUUUAAUUACAUAUCACUGGAUGGUUCCUUUUUUUGGUGUAUAGAAAUACAACUCAUUUAUAUAUAUGUUUUAUUUUGUAACCUGCAAGUUUUCUGAAUACUCUAACUCUGAUGGGAUUUUGCUGGAGUCUUGAGUUUUUAUAUGUAAAAUCAUGUCAUCUGCAAACAGAUGGCAAGAUAAUUUAACGUCCUCUGAUUUGAAAGCCUUUUUUUUAUUGCCUAAUAUUGCUCUGGCUAGUCUCUUGGUAUUAUGUUGAAUAGAAGCAGUGAGAGUGAGCACUUGUCUUGUUCCUGAUCUUAGCGGAAAAUUCUUUGUUUUCUCUCCAUCGAGUAUGAUUUAGCUGUGAGAUUUAUUAUGUAAAGGCACAUUCUCCUUUAUAACAAAUCUGCAUUGAGUUCUCAUCAUGAAAAGAUGUCGAAUUUUAUCCAAUGCUUUUUCUAUGUCUAUUGAGAUGCACAAUUGUUUUUGUCAUUUAUUCUGUUAAUGUGGCAUAUCAUAUUGAUAUUGGGUGUAUGUUGAACCAUCUUUGCAUCUGUGGGAAAAAACUUGGGACCCCAAUACAUUAUGCCAAAGGAAAAAGAUAUUAAGCUGAAAGCUGAGUUAUGCAAGAAACUGCAUUUCCUUUUGGUUUUGUUCUCUUGUUCCUAAUCAGUUAACUACAGAUAAAACGUUAGAGUAACAGGCAGUAACUCCACAUUCUCUCCUUACCUGACGUAAAGCGAUGAUCCUUCUACUGAGUCUGAAAGGAAUACAUAAAUGACUAUUCACCUACCUGCUUCUUUGUUUUUUUUCUUGCAACCUGUGGAUUAUCAUUUCUCCCUCUUUCCCCUCUAGCCUGCUUCUCCCCUUUAAAUAUUAAAGUCCUCAAAAUAUUUAAAGAGCACAGACCACAGACUGUUCUUGUAAUUCUGUGUUUUUUUCCAAGCAUGUCCUUUACCUUGGUGAAAUAAUUCUUUCAAUCUGAUUGAAAG
15	chr1_KI270761v1_alt	0	AAGAAUGGUUUUAUUCUAUUUAUGUAAAUGCCUGUAGUAUUUUAGUUGGGGUUAUACUGAAUCAGACAUUUUUCUGGAGUAAUAUGGACAUUUAAAGAAUAUUAGUUAUUCUAACCCAUUAACCGAGAUAUCUUCCCACUUUAUUUAUCUCCUUUUUUAAAGUGGAUGCAGAUCUUCACUCCCCUCAGCUGUAACUUAUUCCUAUGUAUUUUAUUUAUUGGAUGGUAUUGGGAAUGGUAUUCUUUUUUAAUUACAUAUUUGGAUGGUUCCUUUUUGGUGUAUAGAAUACAUUCAUUUAUAUAUGUUUAUUUGUAUCCUAAUACAAGUUUUCUGAAUUCUAACUUGAUAGGGAUUUUUGCUGGAGUCUUGAGUUUUUUAUAUGUAAAAUACGGUCAUCUGCAAACAGAUGGCAAGAUAAUUUAACGUCCUCUGAUUUGAAAGCCUUUUUUUUUUAUUGCCUAAUUGCUUGGCUAGUUUCUGGUAUUAUGUUGAAUAGAAGUGAGAGUGAGCACUUUGUUUUGACCUGAUCUUAGCGGAAAAAUCUUUGUUUUCUCCAUCGAGUAUGAUUUAAAUGAGAUUUAUUAUGUAAAGGCAUUCCUUCUUUAUAACAAAUCUGCUGAGUUCUCAUCAUGAAAAGAUGUCGAAUUUUAUCCAAUGCUUUUUUUCUAUGUCUAUUAGAUGCACAAUUGUUUUUGUCAUUUAUUUGUUAAUGUGGCAUAUCUAUAUUUAUUGAUUUGGUGUAUGUUGAACCAUCUUUGCAUCUGUGGGAAAAACUUGGACCCCAAUUUACUAUGCCAAAGGAAAAAGAUAUUAAGCUGAAAGCUGAGUUAUGCAAGAAACUGCAUUCCUUUGGUUUUUGUUCUCUUUGUUCCUAAUCAGUUAACACAGAUAAAACGUUAGAGUAACAGGCGGUAACUCCACAUUCUCCUUACCUGACGUAAAGCGAUGAUCCUCACUGAGUUUGAAAGGAAUACAUAAAUGACUAUUCACCUACCUGCUUUUGCUUCUUUUCUUGCAACCUGUGGAUUAUCAUAUCCCUUUCCCCUCUAGCCUGCUUUCCCCUUUAAAUAUAUAAAGUCCUCAAAAUUUAUCUUUAAGAAAAAGCACAGACCACAGACUGUUUCUGUAAUUUUGUGUUUUUUUUCCAAGCAUGUCCUUUACCUUGGUGAAAUAAACUUUCAAUCGAGAUUGAGAAAAAAAUCCCCUACCCCGCCAUCAACCCUUAUAUUUAUAUACAUAUUCCAUAUACAUAUAUCCUGCCCCGCCCCACACAUCCCCAAAAAAAAAAA
1	chr1_KI270761v1_alt	0	GUAAUAGGUGAGUGUUUCGCAAACACGGAAUGCUGUUGUGCUUCAGGCAUUCUGUCUCUAAGGAUGGAAUGGAAAACCCUCCCUUUCAAGCUUUACGGGUACGUUGUGUCAAGUGGAGAAGAUCAGUCUGGUUAGCAGCUUUUAUUGCCACAGAAAGGCUCUGGCAGAUUUCUCAUAGCUUAGUCUGAAAUUCCCGGAAAGGGUGUCAGAAUGAAUAUCUAAGCUCUUCUCCCUGUAGAAGAACCUGUGACUUCACUGGAGAUCUCUCAAUCUUCGAAUGGUGAGCAGCUUCUCACUGAGCUGGCGUGGCUUAGAUUUAUUGGUCUGAUGGAACAGAAAGAUGGAGCAAAAAGGGGAAACUGUGAGCCAGUCAUGUGCUCAGGGAAUCAGACUUCUCAGAAUCAAACAGCAGCACUGAUUUCACCUACGGCUCUUUGCUGAGAGCAAGCAUGCUGCCCUCCUCUACACCGUGACCUUCCUUCUCUUGAUGGCCCUCACUGGGAAAUGCCCUCCUCAUCCUCCUCAUCCAUCAGAGCCCCGCCUCCACACCCCCAUGUACUUUCAUCAGCCAGCUCGCGCUCAUGGAUCUCAUGUACCUAUGCGUAGCACUGUGCCCAUAAGAUUUGUGGGCCAGGUCUGGAGAUGAUACCAUUUCCCCGUCAGGGCUGUGGGAUCCAGAUGUUUCUACCUGACCUGGCUGGAGCUGAGGUUUCCUCCUGGCUGCCAUGGCACAUGACCGAUAUGCUGCUGUUUGCAGUCCUCUCCAUUACCCUUGCUGAUGAACCAGAGGGUGUGCCAGCUCCUGGUGUCAGCCUGCUGGGUUUGGGAAUGGUUGAUGGUUUGUUGCUCACCCCCAACCAUGAGCUUCCCCUUUUUGCCAGUCUAGGAAAUCCUGAGUUUUUCUGUGAGACCCUGCCCUGCUGAAGCUCUCCUGCUCUGGACGUCUCCCUCUAACUGGACGCUCUCAUGUACCUGUGCUGCAUCCUCAUGCUUCGCCCCAUCAUGGUCAUCUCCAGCUCAUACACCUCAUCCUGCAUCUCAUCCACAGGAUGAAUUUGCCGCCGGCACAGGAAGGCCUUGGCCACCUGCUCCUCCCACAUGAUCAUAGUGCUGCUGCUCUUCGGUGCUUCCUCUUACACCUACGCUCCUACCACAGCUGAGCAGGACAUGAUGGUGUCUGCCUUUCUCCAUCUCACUCCUGUGCUGAACCCCUCAUUUACAGUCUCCAACAAAGAUGUUCUCCAGGGCUCUGAGGAGCAUGAUGCAGUCAAGAAUGAACCAAGAAAGUAGUAAAGGGCAAGCAUUGUCCCUUCCUUUUAUAAUUCCGUUACUCCCUAUCUCUCCUCACUUUUUGCCUCAGGUCUCCGGGUCCCCAGCACAAAGCCCACUCAUAUUUUUCCUCUUUCUAACGUGGCGUUUCCCUCCAUUUGCUAUUGCUCCCAUUUAUCUCAUUAGAUCUUAAUAUCUUAGAGUGUUUUUAACUGCACUGCAGUAGCUGACCUAUGAAAGACCUUAUAGAGUGCCUUUUAUCUUAUCUCCCAUCCCAGGUUCAUUGAGCAUUUUAGUAUGAGACUUGGUCUAAACACUUUACCCCCUUGAAGAGACUCAUUGUAAAGACUUCUAGAAUCCUAGCAGAGCCUAGAGGAGGAGUAUUGGCUGCUCCCUCCCUUUUGCAAUACAUUGUAAACCUCGGUUCAUUGGCAGCCACUGGGGUCAGUGUUUCUAAUAUUGUAUCAGUAAGUACAAAAGAAACAUUUUCUUCCAAAGGCUGAAGUGAACUUGUAGUGUAAACACCAGUAGUUUUAGCAUUGGCCAUAUGGAACCACCACCUAAACCAAAAAUGAAUCCAUUUCAAAAUUCAAAGAAUAGGUUCAUCUAUUUCAUAGUAUGUAAAUAAAAGUAGUUCCAGAUUUAGUUUCUUAGGAUUUAGUCUAUUCCAGACAAUGGUCUACUAUGUUUACAAUAAAUAUCAUAACAGUCGUGCGAUAAUGGAGACUUAGGAAAAGCUUAACCCCCUCAGCAUGUUUCUGAACUGGGAAAACCAGCAAAAUGGUUAUAAACUUGUCACUAUUUAGUCUACAGAUGUAUAUCAUGCUACAAAGUAACUUCUGUAAAUCUAUGAUCAUCAGAUUCACUAUCAUUUUCAUUAACAAAAUAAUUUCUGUCUAGUAUUUCUGGAACGUGAAAUUAGGAAAGAAAUACAUUUGUUCUUUAAUAUGCAAGAAGCUGAAUCUCGAGCUGUAUCGUGAAGCUGUUAAUCAUACUUCCCCUUGGCACAGCCCUGACCUUGCCUGAUUUAGACAAUGAAUGGAAGCCAGGUGUUUCCCAUGCCUAUCGCAUCUCGAGAGAAAUGACAAGUACUUGCUCUACAUGACCUUCGACCGACAUUUUGCUUCACUGAAACUAUUCCUGCAGUGCAUGAAAGGGAGUUUGUCUGAGUUUGUGUACAGAGAUCUGAAUUUGGAGUAAAUUCCACCUGGUGGUGCAGAAUAUCACUGUAAGAGGGGUUGUUAGAGGUAGGUAAAAUCUUGGUUCAGAAAUUGCUGUAAUUAAAUAAAUGGGCAAACUGCUCAAUAAU
2	chr1_KI270761v1_alt	0	AGAAAGGACACUGGCGGAUUUUCUCUAGCUCUGUCAUGAAUUCCCAGAAGGGUGUCAGAAUGAAUUGCUAAGCUCUUUCCCUGGUAGAAGAACGUGACUUCUCGCUGGAGAUCUCUCAAUUUCGAAUAGUGAAGCAGCUUCUGAGCUGGCGUGGCAUAAGAUCUAUUGUCUGAUGGAACAGAAAAGAUGGAGCAAAAGGUGAAACCUCAUUGGCCAACAUUCUCCAGGAUGGCCAACCACACUGAAGGUUGGAUUUCAUGCCUCAUGGGACUUCUUCAGACGAUCCAAACACCAGCUUUACUUAGUGUGGUCAUCUUGUAGUUUUUCCUGAAGGCGUUGUUGGAAAUGCUGUCCUGAUCCUUCUGAUCCUGUGACGCCCCCCACCUCCAAAAAAACAGCCCCAUGUCUUUUUCAUCAGUCAAUUGUCAGCCAUGGCGUACAUUUGUCACUGUGCCCAAGAUGCUCUCCUGGACCAGGUCAUGGGUGUGAAUAAGGUCUCAGCCCCUGAGUGUGGAUGCAGAUGUUCCUCUAUCAGCACUAGCAGGUUCGGAAUUUUUCCACUAGCCUCUGGCCUAUGACCGCUACGUGGCCAUCUGCCAUCCUCUCCGUUACCUGUCCAUGACAUAGGGUCUGUCUUCUCCUGGCAUCAGGCUGCUGGACCUGGGCUCAGUGGAUGGCUCAUGCUCACUCCCAUCACCAUGAGCUUCCCUCGCAGAUGUGGAGAUUCAUCUUCUGUGAAGUCCCUAGCUGUAACGAUCCUGUCCUGCUCGGAUUCCACUUCUAUGAGACCUCAUGUACCUAUGUUGUGUCCUCAUGCUCCUCAUCCCUGUGACGAUCAUUUUCAAGCUCCUAUUUACUCAUCCUCCUCACCGUCCAGGAUGACUCAGCAGAGGGCCGGAAAAAGGCCUUUGCCACCUGCUCUCCCUUUCCCUGACUGUGGUCAUCCUCUUCAUGGGGCUGCCGUCUACACCUACAAUUCCCCAGCUCCUACACCCUGAAAAGGCUCUGAUGGUAUCUGUCUAUACCAUCCACUCCGGUGCUGAACCUUUUAAAUCUAUAGUCUAGGAAUCUGAUGUCAUGGGGCUCUGAAGAAAAUGUUAACUGUGAGAUUCGUCCUUUAGGAAAUUAUAAAGUAGGAAAUUUGGAUAAAGAUUUAUUUCCUUUCUCUACCCAUCAGAUACUUAGGAUUUUUAUCCCUGUUAUUCCUUGGACUCAUACAAUGAUGCCUCAUCUUAUAUUCAUCUCAUUUUGAGGAAUUCUCACUGUGUGGAAACCAUUUUUAUAGUCUUUUUUAUCCAUCCUGGACUUUUACAAUUGUGUUAUACUAAUGUAACAUUUUGGAAGUUGAUAACUGGUUUUCUCUAAUUUUGUGAAAAUAUUCUUAACCUCAGGAAAUACUUAAUAUUUAGACAAAAAGGUCAGGUGUUCAAUGAUGAGAGGAAAGAGGGAAGUACAGAGAGGGGCAAUGAAACAAACUGAGUUUGCUGCUCCACUUUCAAGUAUGGGUAAAGGGUAUAUAGGUAUUAAUUGUUUAUUGUUAAUGAUUGUGAAGUUGAAAUCAUUUACAAAUAAUUAAAUACCAGGCUUUCUCCCUUUUUGAAAAUAUUCUCCUUUUUGCUUGGUGGGCAGUGUGACAUCAGAAAUCAUGCUCUAUCAUUAUAUCUAAUCAUACCGAGAAAAAAUCCAGUCAUCGCCCUUCUUUAUUGAGGGCUUCAUUUUUCUGCAUGGUCCAAUUCUGAUGGCGUUUAGUGGAUUUAUCUCUCUCCGAAAUAAUUACUGCCAUGUGGUGUAUUGAGGAUGUGGGACCACAUAAGUGACUAAGAAAAAAACAUGACACCUGAGUGGAAGGAGUUUAAGGAAGGUUACCUGCCCAGGUGAUUCCUGAGCUGAGAUUUUCAAACAUGUAUUCUUGUUAUACAAACAAGCAGAGGGAUGGCAUCAACAUUCAAUCCUUCAUUUAUUUAACAAGCAUUUGUACUAUUUUAUAAUUAAAAAAUAGUUAAAUAAAGAUUAAAUUUUGAAUGGUCUAGCUCUUACCAAGGAGUUUGAAAAAAAUACAUGUAGUUGUUUAUGCAAACAAAUGUAAGAAAAUAAAUAAGCUGUUUGAAAG
31	chr1_KI270761v1_alt	0	UUGCAGAUCCUGGGAGAUUUUCAUCAUUCUUCUGUGAAGUCCCUGCUGUAACGAUCCUGUCCUGUCAGACACCACUUUAUGAGACCUCAUGUACCUAUGCUGUGUCCUCAUGCUCCUCAUCCCUGUGACGAUUCAUUUCAAGACCUAUUUACUCAUCCUCCACCGCCACAGGAUGAACUUCGGCAGAGGGCCGGAAAAAGGCCUUUAUCCACCUGCUCCUCCCACCUGACUGUGGUCAUCCUUCUUCUAUGGGCUGCCGUCUACACCUACAUGCUCCCAGCUCCUACCACACCCUGAGGGCUCGAUGGUAUCUGUCUUAUACCAUCCUUCUCCGGUGCUGAACCUCUAAUUUAUAGUUUAGGAAUAAGGAUGUCAUGGGGGCUCUGAAGAAAAAUGUUAACUGUGAGAUCGUCCUUUAGGAAAUUAUAAAGUAGGAAAUUUGGAUAUAAAGACUUAUUUUCCUUUUCUCUACCCAUCAGAUACUUAGGAUUUUAUCCCAUCCUUGGACUCAUACAAUGAUGCCUCAUUUCAUAUUUCUAUCUCAUUUUGAGGAAUUCUUCAAGUGGAAACUAUUUUAUAGUUCUUGUCCAUCCAAAAUUUUUUUUACAAUUGUGUUAUACUAAUAACAUUUUUGGAAGUUGAUAACUAAAGUGGUUUCACUAAUUGUGAAAAAUAUUCUUAACCUCAGGAAUACUUAAUAUUUAGAGACAAAAAGGUCAUGAGGUGUUCAAAUGAUGAGAGGGAAAGGGAGGGAGAGAUAGAGAGGGGCAAUGAAACAAACUGAGUUCAAUGUUGCUGCCACACAUGAGUAUGUAUAAAGGGUAUAUAGGUAUUAAUUGUACUAUUGUUUUUUAAUGAUUUUGUGAAGUUGAAAUCAUUUACAAAUAAUUAAAUACCAGGCUUUCUUCCCUUAAAAG
3	chr1_KI270761v1_alt	0	AGCUUAGUCAUGCUGAAUCCCGGAAAGGGGUGUCAGAAUGAAUUGCUCAAGCUUUCACCCUGGUAGAAGAACCUGUGACUUCUUUGGAGAUCUCUUCAAUUUCGAAUGGUGAAAGCAGCUCAAAAGCUGGCGUGGCUUAGAUUUAUUGUCUGAUGGAACAGAAAAAGAUGGAGCAAAGGGGAACUGUGAGCCAGUCAUGUGCUCAGGAAUCAGACUUCACUCAGAAUCAAACAGCAAGCACUGAUUUCACCCUCACGGACUUUGCUGAGAGCAAGCAUGCUGCCCUCCUUUACACCGUGACCUUCCUUCUUUGCAUGGCCCUCACUGGGAAUGCCCUCCUCAUCCUCCUCAUCCACUCAGAGCCCGCCUUCCCCAUGUACUUCUCAUCAGCCAGCUCGCGCUCAUGGAUCUCAUGUACCUAUGCGUAGCUGUGCCCAAGAUGCUUGUGGGCCAGGUCACUGGAGAUGAAUACCAUUUCCCCGCGUCAGGCUGUGGAUCCAGAUGUUUCUACCAGCACCUGGCUGGAGCUGAGGUUCCUCCUGGCUGCCAUGGCCUAUGACAUGUACAUGCUGCUGGUCUAAAGACCUCAUUACCCACUGUAACGAUGAACCAGAGGGUGUGCCAGCUCCGGUGUCAGCCUGCUGGGUUCUGGGAAUGGUUGAUGGUUUGUUGCUUCACCCCAUUACCAUGAGCUUCCCCUUUUGCCAGUCUAGGAAAAUCCUGAGUUUUGUGAGACUCCUGCCCUGCUGAAGCUUUCCUGCUCUGACGUCUCCCUCUAUGGACGCUCAGUACCUGUGCUGCAUCCUCAUGCUUCGCCCCAUCUCAUGGUCAUCUCCAGCUCAUACACCCUCAUCCUGCAUCAUCCAGGAUGAAUUCUGCCGCCGGCCACAGGAAGGCCUUGGGCCACCUGCUCCUCCCACAUGAUCAUAGUGCUGCUGCUUUCGGUGCUUCCUUACACCUACAUGCUCCCGAGUUCCCUCUCUACAGCUGAGCAGGACAUGAUGGUGUCUGCCUUUUACACCAUCUUCACUCCUGUUGAACCCCUCAUUUACAGUCUCCGCAACAAAGAUGUCACCAGGGCUCUGAGGAGCAUGAUGCAGUCAAGAAUGAACCAAGAAAGUAGUAAAGGGCAAGCAUUGUCCCCUCCUCUUCUCUAUAAUUCCUAACCCUAUCUCUACCUCUACUUUGCCCUCAGGACACCUCAGUCCCCAGCACAAAGCCCACUUCAUAUUUCCUUCUUCUUAUACGUGGCGUUUUCCCUCCAUUGCUUAUUAGCUCCCAUUUAUCUCAUUAGAUUUAAUAUCUUUAAGAGUUUUAACUGCACUGCAGUAGCUGACCUAUGAAAGACCUUAUAGAGUGCCUUUUAUCUUAUCUCCCAUCCCAGGUUUGAGCAUUUUAGUAUGAGACUUGGUCUAAACACUUUACCCUUAGGACAUUGUAAAAGACUUAGAAUCCUAGCAGAGCCCUACUAGAGGAGGGUAUUGGCUGCUCCCUCCCUUUGCACUUGUAAACCUCGGUUCACAUUGGCAGCCUUGGGGUCGGUGUUUGCUAUUGUAUCAGUAAGUACAAGAAACGCAUUUUCCAAAGGCUGAAGUGAACUUGAGGUAGUGUAAACACCAGUAGUUUUAGCUGGCCAUUGGAACCACCUAAACCAAAAUGAAUCCAUUUCAAAAUUCAAAGAAUAGGUCAUCAUAUUCAUAGUAUGUAAAUAAAAGUAGUUCCAGAUUUAGUUUUACUUAGGAUUUAGUCUAUUCCAGACAUGGUCUACUAUGUUUACAAUAAAUAUCAUAACAGUCGCGUGCGAUAAUGGAGACUUUUAGGAAAGCUUAACCCCUCAGCAUAGUUUCUGAAACUGAAACCAGCAAAAUGGUUAUAAUUGUCACUAACCUUAGUUUGCCAGAUGUAUAUCAUGCUACAAAGGUAACUUGUAAAUCAUCGAACAUCAGAUUUAUCAUUCAUUAACAAAUAAUAUCAUGGGUCUAGUAUUUUCUGGAACGUGAGAAAUUAGGAAAGAAUACAUUUGGUUUUAAUAUGCAAGAAGCUGAAUCUCGAGCUGUAUCGUGAAGCUGUUAAUUUACUUCCCCUUGGCACAGCCUGACCUUGCCCUGAUUUACCGACAAUGAAUGGAAGCCAGGUGUUCCCAUCUGGCCAUCGCAUCUUCGAGAGAAUGACAAGUACUUGCUUUACAUGACACAUCGACCGAACACUUUGCUUCACUGAAAUUAUUCCUGCAGUGCAUGAAAGGAGUUUGUCUGAGUUUGUGUACAGAGAUCUGAAUUUGGAAAGUAAAUCACACCAAGUGGUGCAGAAUAUCACUUAUUUGGUAAGAGGGGUUGUUAGAGGUAGGUAAAAUCUUGGUUUCAGAAUUGCUGUAAUAAUAAAUGGGCAAACUGCUCAAAUGGAAAAAA
4	chr1_KI270761v1_alt	0	GCUGAAAUUCCCGGAAAGGGUGUCAGAAUGAAUUGCUCUAAGCUUUCUCCCUGGUAGAAGAACCUGUGACUUCUCUGGAGAUCUCUCAAUUUUCGAAUGGUGAGCAGCUUCUGAGGCUGGCGUGGCUAAGAUUUAUUGUCAUUGAUGGAACAGAAAAGAUGGAGCAAAGGAUGAAUUCUGCCGCCGGCCACAGGAAGGCCUUGGCCACCUGCUCCUCCCACAUGAUCAUAGUGCUGCUGCUUUCCAUCGGUGCUUCCUCUACACCUACAUGCUCCCGAGUUCCUACCACACAGCUGAGCAGGACAUGAUGGUGUCUGCCUUUUACACCAUCUCACUCCUGUGCUGAACCCUCAUUUACAGUCUCCGCAACAAAGAUGUCACACCAGGGCUCUAAGGAGCCGAUGCAGUCAAGAAUGAACCAAGAAAGUAGUAAAGGCCCUGACCUUGCCUGAUUUACCGACAAUGAAUGGAAGCCAGGUGUUCCCAUGCCUAUUGCAUUCGAGAGAAAUGACAAGUACUUGCUUUACAUGACACAUCGACCGAACACUUUGCUUCACUGAAAAUUAUUCCUGCAGUGCAUGAAAGGAGUUCGGUUCUGAGUUUGUGUACAGAGAUCUGAAUUGGAAGUAAUUCCUCCACCAAGUGGUGCAGAAAUAUCACUUGUAAGAGGGGUUGUUAGAGGUAGGUAAAAUUUGGUUUCAGAAAUUGCUUGUAAUAAAAUAAAUGGGCAAAACUGCUCAAAUGGACACCAG
10	chr1_KI270761v1_alt	1	AAAUGCUGGUGGGCUCGGAGAAAAGGGAACCUCAAACUCUGUGGGAAUGUGAAGGUUGCAUUUAAAAGUUGUAUCGAAGGUGCAACAGAGACUACAGUUUGGAGGUUCACCGAAAAACAUAAGAAUAGAGCUAACGUAUCAUCCAGCAAUACCCGCUGCUGGGUAUAUACCCAAAAGAAAAGAAAUCAAUAUACUGAAAAGCAUACACUUCCAUGUUUGUUGCAGCUCUGUUCACAAUAGCUAAAAUUGGAAGCAACCUAUGACCAUCAACAGAUGAAUAGGGUAAAGAAAAUGUGGUACUUAUACAUGAUAGGGUACUAUAUAGCCACAAAACAUAAUGAGAUCCUGUCAUUUGCAACAACAUAGAUGGAACAUUGGAGGCCAUUAUGCUAAGUCAAAUAAGCCAGGCACAGAAAGACAAUAUUGCUGUCACCAGUUAUCACUGGCACCUUAAAAUCGAAACAACUGGACAUGGAGAUAUAAAUUAGAAAAUAUGCUUAUAGAUACUGGGAAGGGUACUGGGGUGGUGAAGGGGUAGGGGUGGGAUGGUUAAUGGAUACAACAAAUUUGUUAGAAUGAAUAAGUACUGCAUAAUAGACUGCAUCGUCAAUAACAAUUUAAUUGUACACUUAAAAUAACUAAAAGGGUAUAAUAUAAAAUUAUAACACAAAAAAAAA
11	chr1_KI270761v1_alt	1	AAUCUCCAGAGAGUGAAGGGCACAUAAGCUUCGCUCUCCUUGCUCUCUAGUGAAUCCCACUCUGAGAUAUCACUGGAGGACGGACAGAGAGGAAAGACAUUUGGAACAGGAAAUAAUGACAAGGAAAAAAGUCUGGAGGAUGGAGCAAGAUGGCAGAAUAGAAGGUUCCACUGAUCGCCCCUGCAAGAACACCAAUUUAAAAAACUAUCUACACAAAAACACCCUCUCAAGAACAAAAACUACAGGUGAGCACUCCACAGUCUGGAGUUAAAUUCAUAUUUCAUUGAAUGAGGCAUUGAAGAAGUUGGAAAAACAGUAUUGCAUCAUUUACGUCACCCCUUCAUCCCAGCAGCGAUAGUGGUAUGGAGAGCUUCUUGUGCUUAAGAGGGAGAGCCAGCAAUCUAGCACUGAGCUCAGCGAUGCCCUUCUUAUAGCAGAAAGAAGACCCAGACCAAAUCAGCUGACACCCACCAUGAAAGGGCGCAUUUAAACCAGCCUGGAAGGAAUUGCGAAUCCCAGUGUUUGGAACUUGAAGCUACCCAAAAGCCUCACCAUAGAAAGGGCUAAGUGGCUCUGGAGCCACAGACAAAAACCUGAAGGGCAGUCUAGGCCACAAGAGCUGCAAAUCCUAAUGCUAAUCUGGGGCCCAGAGCCAGUGACUCCUUGGGGACACAUGACCUGUUAAAACACCAGCCAGGGCAGCUAAACUCAUCCCCUAACCUAGCACCACAGCUUGUGGCUCCAAAGAGGCCUCACCUCUGCUAAGAGAGGAGAGGGAAGAGUGAGGAGGACAUUUGUCUUGCAUCUUGGAUCCAGCCUGCCUCCCCGAACAGGGUUGGAUACCAGCUAGAGUCAUGAGGGCCUGGGUGAAACACUUGAGGCUGGCUCCGGGUGAGACUCAGCAUAUUACCAGCUAUGGUGGGGCAAGACUCCUUGCUUUGAAAGUGGACAGAAAAUUAAAGAAAAUUAAAAGAGACUUAGUACUGCACUUUAGUGCAACUAUUGUUACCAUUGUUAUUCAACAUAUUACUGGAAGUCUUAGCUAGAGCAAUCAGACAAGAGAAACAAUAUAAAUAAAUGCUAUAUGUAAAUAUAUCUAUAUAUAUAGAUAGAUAUAGAUAUAUAGAGAUAUAGAUAUAGCAUCAAAUUUUUCAAAGAAAAGUAAAAUUAUCUCUCGUUUCACAGAUGAUAGGACCUUAUACUUGGAAAAACCUAAAGUCUCCCAAAAACCUAUUAGAACUAAUAAAUUCAGGAAAGUUGCAGGAUACAUAGGCAGAUUUUAUAUGUCAAUAGCAAUAGAUUAAACAAAUUUAAAAGUAAUCUUCAUUUAUGAUAGCCACAAAUAAAAUUAAAUGGGAAUUAACCAAAAAGAAGUGAAUAGUUCUUUAAUGAUAACCUAUAAAGCAUUAAUAAUUGAAGAGGACACUAAAAUGAAACAUUCCAGAUUUCAUGAACCAAAAGAAUCAAUAUUGUUAAAAUAUCCAUAGUACUCAAAGCAAUCUGUAGAUCAAUGUUAUCCUUAUCAGCUACCAUCGACAUUUCUUACAGAUAUAGAAGACACUAUCCUAACAUUUGUAUGAAAGCACAAACACCCAGAAGAGCCAAAAUUAUUCUAAGCAAAAACCACCAACCAACCAACCUCCACCAAAACUAUGGCUCCUACCUGACUUCAAAUUAUACUACAACAGAGCUACCAUAACCAAAACAGCACGGUCUGGCAUAAACACAGAUACAUCAGACCAAUAAAACCGAAUACUCAGAAACAAAUCCACAUACCUACAGUGAACUCUUUACCAAAGGUGCAAGGAACAUACACCUACCAGGAAAAGAUCGUCUUUUCAAUAAGCUGUCUGGGAAAAGUGGAUAUUUAUAUGAAGAAAAAUGAAACUAGUCCCGUCUUCGCCAUAUACAAAGAUAUAGUCAAAAUGGACACUAAAGACUUUUAAGAACAUAAACUAUGAAACUACCAGAAGAAACGUUUGGAGAAAAUACCAGGAUAUUUGUCUGGGCAAAUAUUUGAGUAAUACUCCAUAACACAGGCAACCAAAGCAAACAUGGCAAGGAGAGCACAUUAUGCAAAAGCUUCUGCACAGUGAAGGAAAUAAAUCAACGAAAGAGACAUCCCACAAAAUGGAAGAAAUGUUUCAAACUACACCUGACAAGGAAUUAAUAACCACAUAAUACAUAGGGAGCUCGAAAUAAAUCUAUAGGAAAAUCUAAUAAUCUGAUUUAUAUAUUGAUAAAAGAUUGAAUAGUCAUUUCUCAAAAGACAACAUACAAAUCAAAAACAGGCAUAUAAAAAGUGCUCAACAUUGAUCAGAGAAAUGCUGAUCAAAGCAAUGAGAUACCAUCAUCCCAAUUAAAUGGCUCUUAUUUACAAAAGACAUGCAAAAAAUAAAUGCUGGUGAGGACCCGGGGAACGGAACCCUCUAUUUUGUGGGAAUGUGAAGUUGCAUUCAAAAGUUGUAUUUAAAGGUGCAACAGAGAACAGUUUGGAGGUUCCUCGAAACUAAGAAUAGAGCUAACGUAUCAUCCAGCAAUCCGCUGCUGGGUAUAUACCCAAAAGAAAAGAAAUCAAUAUACUGAGACAUCUACCAUGUUUGUUGCAGCUUGUUCACAAUAGCUAAAAUUUGGAAGCAACCUAUGUGUCCAACAGAUGAAUGGGUAAGAAAUGUGGUACUUAUACAUGAUAGGUACUAUAUAGCCACAAACUUCAAUGAGAUCCUGUCAUCUGCAACAACAUAGAUGGAACUGGAGGCCAUUAUGCUAAGUCAAAUAAGCCAGGCACAGAGCGGACAUACUGCUGUCACCGGUUAUUUCUGGCACCUUAAAAUCGAAACAACUGGCUCAUGGAGAUAUAAAUUAGAAAUAUGCUUAGCAGAUACUGGGAAGGGUACUGGGGUGGUGAAGGGGUAGGUGGGGAUGGUUAAUGGAUACAACAAAUUUGUUAGAAUGAAUAAAGUACUAGCAUAAUAGACUGACAUCGUCAAUAACAAUCUAAUUGUACUUAAAAUAACUAAAGGGUAUAAUAAAAAAUUAUAUUCAAAGAUAAAAGC
12	chr1_KI270761v1_alt	1	CACCCCACCAUACAACUCCCAGCAACAGACAGCACUCAGAGAAUCUCCAGAGAGUGAAGGGCCCCAAGCUUUGACUCUCCUUGCUUUCUCGGUGAAUCCCACUUCUGAGAUAUCACUGGAGGACGGACAGAGAGGAAAAGACAUUUGGAACAGGAAAUAAUGACAAGGGAAAAGUUCUGGAGGAUGGAGCAAGAUGGCAGAAUGGAAGGUUCCACUGAUCAUCCCCUGCAAGAACACCAAUUUAAAAACUAUCUACUCAAAAACACCUUUUCAAGAUCAAAACUCAGGUGAGCACACAGUACCAUGGAGUUAAAUUCAUAUCUGAAUGAGGCAUUGAAAGAAGUUGGAAAACAGUAUUGCAUCACUGACACUACCACCCCUCAUCCCCCAGCAGCAGUGGUGUGGUAUGGAGAGCUUCUCUGUGCACUAAGGAGAGGGAGAGCCAGCAAUUCUAAGACACUGAGCUCAGCGAUGCCCUCUUAUAGCAGAAAGAAGACCCAGACCAAAAAUCAGCUGACACCCACCAUGAAGGCGCAUUUAAACCAGCCAUUGCUGGAAGGGAAUUGCGAAUCCCAGUGUUUGACUGAGUUACCCAAGCCUCACCAUGAAGGGUAGUGGCUCUGGAGCCACAGACAAACCUGAAGGGCAGUCUAGGCCACAAGAGCUGCAAUUCCUAAUGCUAAUCUAAGGCCCAGAGCCAGUGGACCGGGGACACAUGACCUGUUAAACACCAGCCAGGGCAGCUAAACUCUGCCUAACCUCAGCCUCCACGGCUUUGGGCUCUCAAAAGAGGCCUUUCCUCUGCUAGGAGAGGAGAGGGAAGAGUGAGGAGGGUUGUCUUGCAUUUGGAUACCAGCUCAGCCACAUCAGGGUUGGAUACAUAAAAUUAGAGUCAUGGGCCUUGGGUGAAACUAAAGGCGCUGGCUCCGGGUGAGACUCAGCAUAUUACCAGCUAUGGUGGCUAUGGGAGGCAAGACUCCUUCUUGCUGAAAGUGGACAGACAGAAAAUUAAAGAAAAUUAAGAGAGACUUAGUUUGCACUUUAGUGCAACUAUUGUUACCAUUGUUAUACAACAUAUUACUGGAAGUUCUAGCUAGAGCAAUCAGACAAGAGAAACAAAUAAUUAAAUAAUUUAAUCAUUAAUAUGUAAAUAUAUCUAUAUAUAUAGAUAGAUAUAGAUAUAGAGAUAUAGAUAUAGCAUCAAAUUUCAAAGAAAAGUAAAAUUAUCUUCGUUUUCACAGAUGAUAGGACCUUAUACUUGGAAAAACCUAAAGUCUCCCCAAAAACCUAUUAGAACUAAUAAAUUCAGGAAAGUUGCAGGAUACAAGGCGGAUUUUAUAUGUAAUAGCAAAUAGAUUAAAACAAAUUUAAAAGGUAAUCUCAUUUAUGAUAGCCACAAAUAAAAAAUUAAAUAGGAAUUAACCAAAGAAGUGAAAUAGUCUUAAUGAUAAACUAUAAAGCAUUAAUAAUUGAAGAGGACACUAAAAUGAAACAUAUUCCAGAUUCGAACCAUAAAAAGAAUCAAUAUUGUUAAAAUAUCCAUAGUACUCAAAGCAAUCUGUAGAUACAAUGUUAUCCUUAUCACUGUGGCAUCUUUCUUACAGAUAUAGAAGACUAUCCUUAACAUUUGUAUGAAAGCACAAACACCCAGAAGAGCCAAAAUUAUUCUAAGCAAAACCACCAACCAACCAACCCAAAACUGGAGGAAUCCCAUUGCCUGACUUCAAAUUAUACUCAACAGAGCUACCAUAUAACCAAAACAGCAUGGUUCUGGCAUAAACACAGAUACAUAGACCAAUAAACCGAAUACUCAGAAACAAAUCCUCAUACCUACAGUGAACAUAUUUCUUUACAAAGGUGCAAGGAACAUACACCAGGGAAAAGAUCGUCUCUUUGCAAGCUGUACUGGGAAAAGUGGAUAUCUAUAUGAAGAAAAUGAAAACUAGUCCCGUCUCUCGCCAUAUUCAAAGAUAUAGUCAAUGGUAAGACUUUAAGAACUCAAACUAUGAAACUACCAGAAGAAACGUUGGAGAAAUCUCCCAGGGAUAUUUGUCUGGGCAAAUAUUUGAGUAAUACUCCAACACAGGCAACCAAAGCAAACAUGGCAAGGAGAGCACAUUAUGUUAAAAAGCUUCUGCACAGUGAAGGAAAAUAAAUCAACGAAGAGCUCCCACAAAAUGGAAGAAAAUGUUCAAACUACACCUGACAAGGAAUUAAUAACCACAAUACAUAAGGAGCUCAAAUAAAUCUAUAUAGGAAAAAAUCUAAUAAUCUGAUCUAUAUAUUGAUAAAAGAUUGAAUAGCAUCUCAAAAGACAACAUACAAUCAAAACAGGCACAUAAAAAGUGCUCUACAUUGAUCAGAGAAAUGCUGAUAAAGCUACUAAUGAGAUACCAUUCAUCCCCAAUUAAAGUGGCUCUGCAAAAGCUUCCGCAAAAUAAAUGCUGGUGAAGCUUCGGAGAAAAGGGAACACCUCAUAAACCUUGUGGGAAUGUGAAGUUGCAUUUAAAGUUGUAUAUAAAAGUGCAACAGAGACAGUUUGGAGGUCACCGAAAAACUAAGAAUAGAGCUAACGUAUCAUCCAGCAAUCCCAAUUGCUGGGUAUAUACCCAAAAGAAAAGAAAUCAAUGCUACUGAAAGUCAUUUACACUUCCAUGUUUGUUGCAGCUCUGUUCACAAUAGCUAAAAUUUGGAAGCAACCUAUGUCCCAUUCAACAGAUGAAUGGGAUAAAGAAAAUGUGGUACUUAUACAUGAUAGGUACUAUAUAGCCACAAACAUAAUGAGAUCCUGUCAUUUGCAACAACAUAGAUGGAACUGGAGGCCAUUAUGCUAUAAGUCAAAUAAGCCAGGCACAGAAAAGGACAAACAUUGCUGUCACCGGUUAUUUCUGGCACCUUAAAAUCGAAACAACUGGACAUAUGGAGAUAUAAAUUAGAAAUAUGCUUAGCAGAUACUGGAAGGGUACUGGGGUGGUGGAAGGGUAGGUGGGGAUGGUUAAUGGAUACAACAAAUUGUUAGAAUGAAUAAGU
7	chr1_KI270761v1_alt	1	CCCAGCAACAGACAGCACUAAGAGAAUCUCCAGAGAGUGAAGGGCCCCAUAAAAGCUUUGACUUACCUUAAUCUCGGUGAAUCCCACUAAGGAUAUCACUGGAGGACGGACAGAGAGGAAAGACAUUUGGAACAGGAAAUAAUGACCCAGGAAAAAGUCUGAGGAUGGAGCAAGAUGGCAGAAUGGAAGGUUCCAACUGAUCAUCCCCUGCUAGAACACCAAUUUAAAAACUAUCUACACAAAAAACACCUUCAAGAACCAAACUCAGGAGGUGAGCACUUCCACAGUACUCAAUAGGUUAUAAUUCAUAUUUGAAUGAGGAAUUUGAAGAAGUUGGAAAACAGUAUUGCAUCAUAGUACUCUUCUCCCUCAAACCCCCAGCAGCGGUAGUGUGGUAUGGAGAGCUCUUCUGUGCACUGGGAGAGGGAGAGCCAGCAAUUUUCUAGACACUGAGCUCAGCGAUGCCCCUUCUGCAGAAGAAGACCCAGACCAAAUUCAGCUGACACCCACCAUGAAGGCGCAUUUAAACCAGCCAUUGCUGGAAGGGAAAUUGCGAAUCCCAGUGAGUUCGACUUGAGUUACCCAAGCCUCCAGGCUAAGUGGCUCUGGAGCCACAGACAAACCUGGCGGUCUAGGCCACAAGAGCUGCAAAUCCUGCAAAUUGCCUGGGCCCAGAGCCAGUGGACAUGGGGACACAUUGACCAAGUUAAAACACCAGCCAGGGCAGCUAAACUCAUCCCCUAACCUCAGCCUCCACGGCUGUGGCUCCAAAAGAGGCCUCUCCACUGCUUAGGAGAGGAGGGAGGGAAGAGUGAGGGCUUUGUCUGCAUCUGGAUACCAGCUCAGCCACAUCAGGUUUGGAUACCAGCUAGAGUUCGAGGGCCUUGGGUGAAACACUGAGGCAUGCUGGCUCCGGGUGAGACUCAGCAUACCAGCUAUGGUGUUGGGGCAAGACUCCUUGCUUGAGGAAAGUGGACAGAAAAUUAAAGAAAAUUAAGAGAGUAAGUACUGCACUUUUAGUGCAACUAUUGUUACCAUUGUUAUUCAACAUAUUACUGGAAGUUCUUAGCUAGAGCAAUCAGACAAGAGAAACAAAUAUAAAUAAAUCUAUCAUAUGUAAAUAUAUCUAUAUAUAGAUAGAUAUAGAUAUAGAGAUAUAGAUAUAGCAUCAAAUUUAAAGAAAAGUAAAAUUAUUCGUUCACAGAUGAUGGACCUUAUACUUGGAAAAACCUAAAGUACCCCAAAAAACCUAUUAGAACUAAUAAAUUCAGGAAAGUUAUAGGGAUACAAGGCAGAUUUCUAUGUCAAUAGCAAAUAGAUUAAACAAAUUUAAAAAGUAAUCUCAUUUAUGAUAGCCACAAAUAAAAUUAAAUAGGAAUUAACCAAAGAAGUGAAUAGUUCUAAUGAUAAACUAUAAAGCAUUAAUAAUUGAAGAGGACACUAAAAAUGAAACACUAUACCAGAUUCAUGAACCAAAAGAAUCAAUUGUUAAAAUAUCCAUAGUACUCAAAGCAAUCUGUAGAUCAAUGUAUCUAUCAAAAUACCUGUGACAUUUUUUUACAGAUAUAGAGACAUUAUCCUUAUAUUGUCGAAAGCACAAACACCCAGAAGAGCCAAAAAUUAUCUCGUAAGCAAACCAUCAACCCAAAAACUGGAGGAAUCCCAUUGCCUGACUUCAAAUUAUACUACAACAGAGCUACCAUAACCUGAAAACAGCAUGGUUUGGCAUAUCAGAUACAUAGACCAAUAAAACCGAAAUACUCAGAAACAAAUCCACAUACCUACAGUGAACAUAUUUCAAAGGCAAGGAACAUACACCAGGGAAAAGAUCGUUUCUUCAGCUGGCUGUACUGGAAAAGUGGAUAUCCUUAUAUGAAGAAAAUGAAACUAGUCCCGUCUUGCCAAUACAAAGAUAUAGUCAAAAUGGUAAAGUUUUGGAUUCAAACUAUGAAACUACCAGAAGAAAACGUUGGAGAAAAUCUCCAGGGAUAUUUGUCUGGGCAAAUUUCUUGAGUAAUACUCCAUAACACAGGCAUUCCAAAGCAAACUUGGACAAAGGAGAGCACAUUUUAUGUUAAAAAGCUUCUGCACAGUGAAGGAAUAAAUUCUUAUGAAGAGACAUCCCACAAAUGGAAGAAAAUGUUCUUUUCAAACUACACACCUGACAAGGAAUUAAUAACCUUACAAUACAUAGGAGCUCAAAUAAAUCUAUAGGAAAAUCUAAUAAUCUGAUUUAUAUAUUGAUAAAAGAUUGAAUAGACAUUUCAAAAGGACAACAUCGAGAUCAAAAACAGGCACAUAAAAAGUGCUCAACAUUGAUCAGAGAAAAUGCUGAUCAAAGCUACAAUGAGAUACCAUCUUAUCCCAAUUAAAAUGGCUACUCUAUACAAAAGACCAUGCAAAAAAUAAAUGCUGGUGAGGCAUGGAGAAAAGGGAACCCUUCAUAACUUGUGGGAAUGUGAAGUUGCAUUUAAAAGUUGUAUUUAAAGGUGCAACAGAGACAGUUGGAGGUUCCUCGAAAAACUAAGAAUAGAGCUGCGUAUCAUCCAGCAAUACCCGCUGCUGGGUAUAUACCCAUAAAAGAAAAGAAAUCAAUAUACUGAAAGGACAUUUACUUCCAUGUUUGUUGCAGCUCUGUUCACAAUAGCUAAAAUUUGGAAGCAACCUAUGUGUCCAUCAACAGAUGAAUAGUAAAGAAAAUGUGGUACUUAAUACUCAUGAUGAUGAGUACUAUAUAGCCACAAACAUAAUGAGAUCCUGUCAUUUUGCAAUACAUAGAUGGAACUAGAGGCCAUUAUGCUUGAUAAAUAAGCCAGGCACAGAAAGACAAACAUUGUGUUUCAGUUAUUUCUGGCACCUUAAAAUCGAAACAACUGGCUUUGGAGAUAUAAAUUAGAAAUAUGCUUAGCAGAUACUGGUAAAGGGUUACUGGGGUGGUGAAGGGUAGGUGGGAUGGUUAAUGGAUACAAAUUGUUAGAAUGAAUAAGUACUAGCAUAAUAGACUGACAUCGUCAAUAACAAUUUAAUUGUACUUAAAUAACUAAAAGGGUAUAAUAAAAAUUAUAACACAAAAGAUAAAUGCUUGAGAGGAUACUCCAUUUUCAUCAUGCAUUUUAUGCUGCAUUCCUGUAUCAAAACAUCAUGUACCCCAAAUGUAUACACCUAUGUCACAACAAAAAAUAAAAUUUAGAAAAGUCUGUACCAAAAGC
8	chr1_KI270761v1_alt	1	AAAUCUAUAGGAAAAAAUCUAAUCUGAUUUAUAUAUUGAUAAAAGAUUGAAUAGCAUUUCUCAAAAGACAACAUACAAUCAAAAAAACAGGCACAACAUAAAAGUGCACAUUGAUCAGAGAAAUGCUGAUUUAAAGCUACAAUGAGAUACCAUAUCUCAUCCCCAAUUAAAAUGGCUCUUAUACAAAAGCAUGCAAAAUAAAUGCUGGUGGACCAUGGAGAAGGGAACCUCAUAUCUGUGGGAAUGGAAGUUGCAUUUAAAGUUGUAUAAAGGUGCAACAGAGACAGUUUGGAGGUUCCUCGAAAACUAAGAAUAGAGCUAACGUAUCAUCCAGCAAUCCCGUCGACUGGUAUAUACCCAAAAGAAAAGAAAUCAAUAUACUGAAAAGGACAUACAUUCCAUGUUUUGUUGCAGCUUUGUUUCAAUAGCUAAAAUUUUGGAAGCAACCUAUGUGUCCAUCAACAGAUGAAUAGGUAAAGAAAAUGUGGUACUUAUACAUGAUAGGUACUAUAUAGCCACAAAACAUAAUGAGAUCCUGUCAUUUGCAACAACAUAGAUGGAACUGGAGGCCAUUAUGCUUGGUACAAAAUAAGCCAGGCACAGAAAGGACAAACAUUGCAUGUUUCAGUUAUUUCUGGCACCUUAAAAUCGAAACAACUGGCUCAUGGAGAUAUAAAUUAGAAAUAUGCUUAGCAGAUACUGGGAAGGUACUGGGGGUGGUGAAGGGUAGGGGUGGGGAUGGUUAAUGGAUACAACAAAUUUGUUAGAAUGAAUAAGUACUAGCAUAAUAGACUGACAUCGUCAAUAACAAUUUAAUUGUACACUUAAAAUAACUAAAAGGGUAUAAUAAAAUUAUAUAUAAAAAGAUAAAUACCUCCUACUCCAUCAUAACAUAACCCUUUAUUUAUAUUUCAUCUUCAUAUCAUAUUUCAUUUCCUCAUACCCUAUAUAUAUUUUUUAAAAAAAAAAAAAU
9	chr1_KI270761v1_alt	1	CAAACUGGAGGAAUCCCAUUGCCUGACUUCAAAUUAUACUACAACAGAGCUACCUAACCAAAACAGCAUGGUUCUGGCAUAAACACAGAUACAUAGACCAAUAAAACCGAAUACUCAGAAACGGCACCAUACCUACAGUGAACAUAUUUUACAAAGGUGCAAGGAACAUCCAGGGAAAAGAUCGUCAAUGCUGUACUGGAAAGUGAUAUCUAUAUGAAGAAAUGAAACUAGUCCCGUCUUUCGCCAUAUACAAAGAUAUAGUCAAAUGGACUGGACAUAAGAACUCAAACUAUGAAACCAGAAGAAACGUUGGAGAAAAUCUCCAGGAUAUUUGUCUGGCAAAUAUUUCUUGAGUAAUACUCCAUAACCCGUCAGGCAACCAAAGCAAACGGCAAAGGAGAGAGCACAUUGCAAAAGCUUCUGCAUGGUGAAGGAAUAAAUCAACGAAGAGACAUCCCUUAUAAAAUGGAAGAAAAUGUUUUCAAACUACACACCUGACAAGGAAUUAUAUUACACAAUACAUAGGGAGCUCAAAUAAAUCUAUGGGAAAAAAUCUAAUAAUCUGAUUUAUAUAUUGAUAAAAGAUUGAAUGGACAUUUCAAAAGACAACAUACAAAUCAAAACAGGCACAUAAAAAGAGUGCUCAACAUUGAUCAGAGAAAUGCUGAUUCAAAGCUACAAUGAGAUACGUUUCAUCCCAAUUAAAAUGGCUCUUAUACAAAAGCAUGCAAAAUAAAUGCUGGUGACUGGAGAAAAGGGAACCUCAUAAACUGUGGGAAUGUGAAGUUUGGCAUUUAAAGUUGUAUCUAAAGGUGCAACAGAGAACAGUCUGGAGGUUCCUCGAAAAAAACAUAGAAUAGAGCUAUCGCAUCCAGCAAUCCGCUGCUGGGAUAUACCCAAAAGAAAAGAAAUCAUAAUACUGAAAAGACAUUUACUUCCAUGUUUGUUAAGCUCUGUACAUAACAAUAGCUAAAAUUUGGAAGCAACCUAUGUGUCCAUCAACAGAUGGCUAGUAAAGAAAAUGUGGUACUAUACAUGAUGGGUACUAUAUAGCCACAAAACUGCAUGAGAUCCUGUCAUUUGCAACAUAGAUGGAACUGGAGGCCAUUAUGCUUGAGUCAAAUAAGCCAGGCACAGAAAGACAUCAUUGCAUGUUUCAGUUAUUUCUGGCACCUUAAAAUCGAAACAACUGGACAUGGAGAUAUAAUUGGAAUAUGCUUAGAUACUGGGAAGGGUACUGGGUGGUGAAGGGGUGGGUGGGAUGGUUAAUGGAUAACAAAUUUGUUAGAAUGAAUAAGUACUAGCAUAAUAGACUGACAUCGUCAAUUAUUACAAUUUAAUUGUACACUUAAAAAAAAUAACUAAAAGGGUAUAAUAUAAAAUUAUAACACAAAAGAUAAAAAAAAAAACAAAAU
16	chr1_KI270761v1_alt	2	ACAGCAUGGUGAAACCCAUCUCUACUAAAACUAACAAAAUUAGCUGGUGUGGUAGCGUGCCUGUAAUCAAGCUACUUGGGAGGCUGAGACAGGAGACUCAGUCAAACCUAGGAGGCAGAAGUUGCAGUGAGCCAAGAUCACGCUAUUGCACUCCAGCCUGGGCAAAAGAGAGUGAAACUCUAAGGUCUCAAAAAAAGAAAAGAAAAAAAAAAAAUAGUUAUUGUGAAUAGUAUCAUUAAAAUAUUUUAUUUCAGUUUUACUUGAUAUUUUGUGUCAUCAGAAUUUUUAAAGUAUUUUGUUUAAUAUUAACUUUAAUAAUCGUUAACUGUUUUGUGCUUACAAAGUCUUUUAUGCAUUGGGAUUAUGUAAAGCAUCUACCUUUCUAAUGAGUUUCAGAGGUUUUUUGGUACCUUUGAGUUAUAAUACAAAAUAAUUUAUUUGGGUGAUAUGCAGUGAAUUGCUAACAUUAUUAUUUUAAGUUAAAUUAAAUUCCAAUGUUGAAUGGUAAAU
17	chr1_KI270761v1_alt	2	AUAUGUGUGCUCUUCCUUCUUGGUCAAUUUCAUAGGGUGUAUCAUUAUUUGUCUUUUUUAAUUAAUAUGUUUAUAUAACUUUUUGUCAUCCAUGUAACUACUGCUCUAUUGAAUGUUUUCAUAAAUAAAAUGUGUUUUUGGUAUGAAAUAUAAUAACUGGCCAGAUGCGGUGGCUCACACCUGUAAUACCCAGCACUUGAGAGGCCAAGGUGGUAGAUCACCUGGCCUCCAGGAGUUCGGGACCAGCCUGGCCAGCAUGGUGAAACCCCAUCUCUACUAAAACUACAAUUAGCUGGCGUGGUAGCACAUGCCUGUAAUCCAAGCUAUAAGGGAGGCUGAGACAGGAGACUCAGUCAAACCUAGGAGGCGGAAAGCUGCGGUAGAGCCAAGAUCACGCUAUUGCACUUCCAGCCUGCAAAAGAGUGAAACUCUGUCUCAAAAAGAAAGAAAAGAAAAAUAGUAACUUUGUGGAAUAGUAUCAACUAAAAAUAUUUUUUAUUUUCAGUCAUUUGAUAUUUUGUGUCAUCAGAAUUUUAAAGUAUUUGUUUAAUAUUAUUCUUUAAUAAUUCGUUAACUGUUUUGUGCUACAAAGUCUUCAUUGGGGAUUAUGUAAAGCAUCUACCUUUACACUUUAAUGAGUUCAGAGGUUUUUUUGGUACCUUGAGUUAUAAUACAAAAUUUAUUUGGGUGUGAUACAUGCAGUGAAUUGCUAACAUUAUUGCUUUUAAAUAAAAUUAAAUUCCAAUGUUGAAUGGUAAG
18	chr1_KI270761v1_alt	2	GAAUUAAACUCACUUGCACCAGCUCUGAAUUAUGUGUAAAUCUUCCCCUCUCAAGCCAAUUUCAUAGGUGUAUCAUUAUUUGUCUUUUUUAAUUAAUAUAUGUUUAUAUAACUUUUUGUCAUCCAUGUAACUACUGCUUUAUUGAAAAUGUUUUCUCAUAAUAUAUAAAUGUGUUUUUGGUAUGAAAAUAAUAACUGGCCAGAUGCAGUGGCUCACACCUGUAAUCCCAGCACUUUGAGAUGGGGUGGGUGGAUCACCUGGGUCCAGGAGUUCGGGACCAGCCUGGCCAGCAUGGUGAAACCCCAUCUACUAAAAACAAAAUUAGCUGGUGUGGUAAUGUGCCUGUAAUCCCUGGCAUUUUAAGGAGGCUGAGACAGGAGACUCAGUCAAACCUAGGAGGCAGAAGUUGCAGUGAGCCAAGAUUCUCGCUAUUGCUCCAGCCUGGGCAAAAAGAGUGAAACUCUGUCUCAAAAGAAAAGAAAAAAAAAUAGUAACUUUGUGAAAAGUAUCAACUAAAAUAUUUUUAAUUUCAGUUUCAACUGAUAUUUUGUGUCAUCAGAAUUUUUUAAAGUAUUUUGUUUAAUAUAUUAACUUUAAUAAUUUUCGUAACUGUUUUGUGCUUACAAAGUUUAUGUAUCUGGGAUUAUGUAAAAGCAUCUCUCUUUAAUGAGUUUCAGAGGUUUUGGUACCUUUGAGUAUAAUACAAAAAAUCAAUUGGGUGUGAUAUGCAGUGAAUUGCUAACAUUAUUGCUUUUAAGUUAAAUUAAAAAAUUCCAAUGUUGGUAAAUC
19	chr1_KI270761v1_alt	2	CACAUGACUCCAAAAGCCUGGGAGCCCUCGAGCCGCCCGCCCGGCUCUGGCGAACCCCUACACCACUAACAAUUAGCCAAUGCGGCUGCACGCGCCCGGCUGUCCACAAUCAUCUUGGGAGGCUGAGACAGGAGACUCCGGUAAACCUAGGCAGAAGUUCAAUGGUGAGCCAAGAUCACGCUAUUGCACUCCUGGUCUGGGCAAAAAGAGUGAAACUCUGUCUCAAAAAGAAAAGAAAAAAAAAAAAAAUAGUAACUCUUUUGUGAAUAGUAUCUAUUAAAAUAUUUUUUAUUUCAGUUUCAUUCUUGAUAUUUUGUGUCAUCAGAAUUUUUAAAGUAUUUUGUUUAAUAUAUUAUUUUAAUAAUCAUAACUGUUUUGUGCUUACAAAGUCUCAUAUGCAUAGGAUUAUGUAAAAGCAUCUACCUUUACACUUUUAAUGAGUUCAGAGUUUUUUUGGUACCUUAAAGUUAUAAUACAAAAUAAUUUAUUUGGGUGUGAAAAGC
20	chr1_KI270761v1_alt	3	CUGCCAGUAGCAUCGUUCGGCUCCCGUCCUGAGAUUAAGCCGUCGUCUAAGUACGUUCAGCCAGUACAGUGAAACUGCGAACUGCUCAUCUGCCAGUUCCCACAGCUGCCACUUGGAUAACUGUGGUGCUGGAUAGAUAUAGCUAGUGAUACAGGGCGAAGUGCCCUCGCGGGGGAUGUGUGACAACAGAUAAACCAACCCGGUCAGCCCCACCAGCCCGGCCGUGGGGGCAGGGGCGCCGGCGGCUUUGGUGACUCUAGAUAACCAUAGGCCGAUCGCGCCCCGUUUAUUUUAUUUUAUACUUUCACAGGUAUAGAAAAGCCGUUAUUGAAACCGGAGGUUUGAUGUGUCAAAGAUACCCUCCACAAAUCAGUACCUUGAUUAAACUAAAAUAAGGAGUCAUCUCAUUAUCUUCAUCUUCCCUCUUCAUUAGGACCGAUUGUAGUUUGACCAUCUACACUUGCAAUUUUUAUUGUAUCAUAGUGUUAAUAUUGCUUUUUAUCUUUUGUUUUGUUUAAAUACUGUCAUUGAAAGUCACUAAGAAAAAUCAAAGUAAAACUGGUUGAAUAAAAUUUUAAAUUGACUCUAAUGUAAAUAAACCAGACAAAAAUGAUACUUUAAUGUUAUCCCCUCAAACAAUAUUUAUAGAGUGUAUACCCAUUGUAUUAGGCUGUUGGAAUAAACAGGGAAGAAGACAGAAGAAACUGCCCGCCAUCAAGAUCUAAGCCAAAUUCCUCUGAACUUCUUUAAAGACGUGCUCUGGAAAAAAUGUUGACUUAUCACCUACACAUGGAGGAGGUCUUCAUGACCACCUUUGUCUGGACAAUGUCCCUGUUUUUAGGUGCUCGUUGAGGGCUGGAGUUCUGACCUACAGUGCUACUGCAGCCCUGCACGUGGUUUGUCCUGACUUCUUUGCUACUUUUACUUUUUCGUAAGGCUCUAGAGUGCAGGCCCUUGUGGGUGGACACUGCAGGGUGAGAGGAAGAAGUAAACUACUCUCCGUCUUGAUGGGGUGUGGGUUCCUGGCAGCAUUAAGCAACAGGGCGCCUGAGGCCACAGACUUCAGCACCUGAGAGGCAGUUCAGUCGUAUUGGGAGAUGCAGGCAUCUGGGUUGCUGCACAUCCCAGGGCAGGGUUUCAGCAGCCCUGGAGUGCAGAGUUCCCAUCAGCUCAGCAGUGAGGGGCACAUAGGGCUCCAGUGGUGAGGACUUUAGUCCUUGGAUGACAACACUCCCUGCCCACUCACCCAGCCUCCCUGUAUCCUCAAUCCUUAACCAAUCUCUGUGUUACAUCACUUUCAUAGUUUGCAAUAUGUAGUAUUCUGCUGACUGGACAGUAUCUACUGGAGUUAAUAUCUAUCAGAGUAAUUAUAUCACAAUUGCAAUCUCUCCUAAGAGUAAAUAGUGACAUUAAAAUCUUACAUUAUAAAUAUGCAGAAAUAAAACUAAUUAUACAAAAAUACAAAAAAAACUAAAAA
21	chr1_KI270761v1_alt	3	CUUUCACCUUCCUUCCUUUCCCUUCAAUCAUCGAAAUCGUGUGUGUGCAGCAUCCCUAAUAUGCCUCCUUUUCUGUCUGCCAUUCACCAAUCUACAUCAAAAGGAUAAAAAUCAUGUUUUGAGCAGGUGUGGUGAGUAAAAUGAGGAAAUGUAAUGAAAGUGCUUUUAGAAAUAGUACAGUUCUCCGAUGAAUAAACAUAUACUUUUUAGUAGAUGUGUUAACUUUAAAGCUAACUAUUCUGCACAACCUAAGAGAUUUUGCUACUAUUAUUAUAUAACUUCCAUUCUCCAGAUUCCUAUUCAUACUAAGAAGCUGACUCAAAUAAAAUGGCGGAAGUCUUGCAAAAUAAAGCAUGACCCACUUUAAAAACAAUACUGGAUUUAUAUUUUGUUUAUGUGUAAAAUACUUAGCUUUAUAUAAAAUAUAUAAUAUAUCAUGUAAACAUACACAGGUGAAUAUAACUAUAACAUUUUUAUUUUAACCCUGGUUAUGCAGAGCUUGGGAGACUCCUAUGUCUUCUGCCUAGUAUGUGGUCCUCAUCCUCAUCUCCACUGGACCUUCAUUUUUAGCUUUAAAUCUCAGUGAGGAAGAACUAGAAUUUGGGGUCUGCUGUUUUAUCAGACAAGUAGUUGUUUUUGCAAACCUCAUGUGCUUAUUACUUGCCUUAAUCAAUCUUUCAUACAAACUGAGAAGCAGGAGGAAAAUAACAUCAACACUAAGGCAUCUGACUUCAACUCACUGUUCCAUCACGUGACACUCAGCCUGUGUUAUACUGACGAUGAAUCGCCUCUGACUUCAUUCUGUUUCCUUCUCUAUCAUGAAUACUCCUGCCUGUGUUAUAUGCAGAAGAUGAAUCAAGAAAAAAUUGAACUAGGAUCUCUAAGGAGGUCACAGUCAGUCUCUAUUCAGGGAACAACUAUUAUGUAAAUGUGAAUGAAGUUGAAUUCAAUAGUUACAAAAUAAAAAUAAGGGCAAUGGACACAAAAUAUAUCUGGCCAAUCAUUGAAAUAUAAUCCAUAAUAGCUGUUUCCAUCUUCUUUGAAAGAAAUUAAAACUUUUUCCAACUUUCAUCUCUGGACAUAUAAAUGUUAAAUUUUUGAGCCCUUGCCAAGAAUAAGGACAUAGCAAACUCCUCUUAAAGAUUUUAGCUGUGAUUAUGAUGCAGGACAUUUGGAAUGAAUUUACAAGUUUUCAAAUAUAUUUGUAUCUUGUAGUAAUUACAAAGUAAUUAAGACAUCAACCAAACUUCCAUCUAGGAUGCUACGGUGCUUUAUAUAAAUAUCCAACAAAUCUGAGACACAUUUUAUGUCUGUAUAUAUGAAUAGAUGAUGAUGAUAGAUAGAUAGAUAGAUAAUGUGUAUCAAACACUACCCCUACUGGCAAAUGGUGGCUGAGAUCUGUGUACAAUUUUCAAAACAUUCCAAUAAACUGCAAAACACACCUGCUGACCUCGUCCAUUAUUUGUGGCCAAGUGAAAGCAAGGACCAGAGGAGCGUUCAGCACAUGUGAAGACCUAAAAGGUGUUUGCUCAGUAAAUGUAGGAGCAGGAGAAGGCAGGAGAUGCGGGUUUCCUAAGAAUCUGCUGCUUAGGAAAUGGCCAUCACUAUCAUAAGCCACUAUCAUUAAGCCACUAUCAACAGCUCAACCAGGACACAGGGACAGAUGCAGGGAACUUGCCACACACAGUGAACGGCCCCUGUCAUUCUUCUGUACCCAUGCACUAGUUUGACUUUUCAUGUAAAUUGCUUAAUGCAUACAGUUUAACUUAGGGAUUUCGUUGUAAGUAAAUGGAGUCAAAUCUUCUAUUUGAAGCAUCCAGCAUCCCCAGGAAUUGUUCUAUACUAAUACUAAAAUUGUUACAUUUCUCUUUCCCAAGAGCCUAUGAGUUACUUCCUAUUCUCUCAUAAAAAUGCAGGUUUCAGGGUACCUGCCUAAUAUACACACCUAACCUGAGAUAGAACGCACGUCUCGGCCCGAGAGAGAGCCAGCGCACGUAACUCUGCCUGAUUCCUCUCCAGGGACACCAUCCUCCCUCUCUGCAGUCUACACUUGGAUCUGUCCACUGUCUGUGGUCUUCUAUAAAGAAACAUAAAAAUGAUUGAGACAUUGUCUCUUAGUGUUUUGUAACCCUCAGAAAUUCAUCCCCUCUCAAAAGAAUCAGUCACUCUCCAUAAAAACUCAGUGACAGGAAAAUAAAUACAUACUGUAUGAAAAUCUAAAACUGAAGAAUAUAUAUUAUUAUGUCCAUCAAAUAAUUGGAAAUUAAAAUCUAUUUACCAUUAUGUACAGUAAAUAAGUGUAUAGAAGUAUAAGAAAAGAAUAACAUUUGCUCCAUUAAAACAGAUGAUAAAGAAAAAUGAGGAAAUGCUGUGAAGAACUAAUGGAUCAGAAGCAGAACAAGUCAGGAGCAGUGAUGACCCUUUUCUUCCUGCUAGUACCUCCUGUCUCUGUCUGGCUGAACUCACCAUCAGAUGUUUGAACCUCUCAAGAUGGGUUGGUGGUGUGUGGCCAGGUUAAGAGCACCAACAGGAGUAAAGAAAGUGACCUGCCUGGUUUUUACCGUGUGCUAGGGAGGUUGAAAGCUUUUAGUUGAUACAUCACCUUUGGAGUAUGAAGAAGAAUGCAUUAAGAGCUAAAGAAGUCAGUAGGUAUCUCUCCUGAACAAUUCUUGUCUUUUAAUAGCUACAAUUUUUCUUACCUUGUUAUGAAAUGCAAACUUUAACCAAUAUCUAGUAAUAGUAAAUCUCAAAUCUAUCAUCAUCAAAAUCUUUAUUUAUGAAAAUGUAGGAGUUAGUUCAUAUACAGCCUUAGCCUUUUUCCACAUUAAUAUAAAUAUAAUUCCACAUAUAUAUGUGUGAUCUCAUUUAAUAUAUUCAAGUAAUGUUGUAAGAUAUUGUUAUUUUAUAACAUAUUCACAGGUUAGAAUCUGAAACUCAGAGGUCAACUGAUGUGUCAAAGAUACCUCCACAAAUCAGUACCUUGAUUAAACUAAAUUGGAGUCAUCUUCAUAUCUCUUUCAUCUUCACCCUCUUCAUCAGGACCGAUUGUAGUCUGUUUCCCUCACUUCUUGCGUCUUAUUGUUUAGUGUUGCAUUUAAGAUUUUAUCUUGUUUUUGUUUAAAUACUGUCAUUAAAGUCAUAGAAAAUUUAAAGUAAAUAAUAGGUUGAAUAAAAAAAUCUUUAAAUCGACUUAAUGUAAUAAACCAGACAAAAUGAUACUCACUGUUAUCUUCCUUCAAACUACAAAUAUUUUAUUGAGUGUGCUCCCUGUAUUAGGCUGUAUGGAAUAAACAGGGAGACAGAAGAAACUGCACCGCCAUUUAGAUCUUGCAGCCAAAUUCCUCUGAACUUUUCUUUAAAGACGUGCUCUGGAAAAUGUUGAUACUUUCCUCAACGGUUUACAUGACCACCUUUGUCUAGACAAUGUCCAGUUUUAGUGCACGUUGAGGGCUAGAGUCUCCAUUGACCCACAGUGCUGCAGCCUGCACGUGGUUUGUCCUGACUUCUGCUACUCACUUCGUAAGGCUCUGAGAGUGCAGGCCCUUGUGGGUGGACUGCAGGGUGAGAGGAAGAAGUAAAAACAUUUUUUCCGUCAUUGAUGGGGUGUGGUCAGCAGCUAUAAGCAACAGGGACCAUGAGGCCCAGACUUCAUAGCACCUGAGAGGCAGUCAGUCGUGGGAGAUGCAGGCAUCUGUUGCAGCACAUCACCAGGGCAGGGUUUCUCAGCUGCCCGGGAGUGCAGAGUUCCAUCAGCUCAGCAAGUGGGCACUAGGGCUCCAGGUGGGAAAGGACUCUGGUCCUUGAUGACAACACUCCCCUGCCCACUUCUCCAGCCUCUCCCUGUAACCUUGCCACCUUCUCAAUCUUGUGUUACAUCUCACAGUGCAAUAUGUAGUGACAUAUAUAUGACUGGACAGUAUCUGGAGUUAAUAUCUAUCAGAGUAAUUAUAUCACAAUUGCAAUCUUCCUAGAGUGAAUAGUGACAUUAAAAAUUCUUACAUUAUAAAAUUAUCAGAAUAAACUAAUUAUACAAAAGC
22	chr1_KI270761v1_alt	3	AGGGUGACCUGCCUGGUUUUACCGUGUGCCAUGGUUGAAAGCUUCACGGUUGAUCAUCACCUCUGGGAAGAAGAAUGCAAUAAGAGAGCUAAAGAAGUCAGUAGGUAUCUCCUGAACAAUUCUGGUUUUAGCUUUUACAAUUUUCUACCUUGUUAUGAAAUGCAAACUUUCAACCAAUAAUAUUAGUAAUAGUAUACCAAUCAUCAUCAUCAAAAUCAUUUAUGAAAUGUGUAGGAGUUAGUUCAUAUACAGCCUUGCUUUCCUUAUAAAAUAUAUUCCAUAUAUAUGUGUGUGAUCUCAUUUAAUAUCUAGUAAAUGUUGUAAGAUAUUGUUAUUUUUAUCUAACAUUUCACAGGUAUAGAAUUGAAACUCAGAGGUCAUUGAUGUGUCAAAGAUACCCACAAAUCAGUACCUUGAUUAAACUAAAAUUGGAGUCAUCUCAUAUCUCAUCUUACCCUCUUCAUUAGGACCGAUUGUAGUCUGUUUCCCACACUUGCAAUUUAUUAUUUAGUGUUGCAUUUGAUUUUUAUCUUUGUUUUUGUUUUAAAUACUGUCAUUAGUUUAGAAAAAUUUUAAAGUAAAUGGUUGAAUAAAAAUUUAUAAAUAGCAUUUUAAUAAAUAAACCAGACAAAAAUGAUACUUUUUAAAAUGUUAAAAACCCCCAAGGCAUAACACAAACCAUCAAUAUCUACAGUCCAUCAUCACAUCCGCCCCCACCCCCACAUAUCCUCUUUAAAAAAAAACCC
23	chr1_KI270761v1_alt	3	UCCACAUUAUAAAAUAUUAUUCCAUAUGUGUGAUCUUCAUAAUAUUCAAGUAAAUGUUGUAAGAUAUAUAUGUUAUUUUUAUUCAAACAUUUACAGGUAUAGAAUUUGAAACUCAGAGGUCAACUGAUGUGUGUCAAAGAUACCCACAAAUCAGACCUUGAUUAAAACUAAAAUUGGAGUCAUUUCAUAUCAUCUCUCCCUCUUCAUUAGGACCGAUUCUUGUUCCUCACUUAGCAAUUUUUAUUGCUUUAGUGUUGCUGAUUUUAAUCUUUGUUUUGUUUUAAUACUGUAAGUCAUAGAAAAUUUAAGUAAAUGGUAUUGAAUAAAAAUUUUAAAAUCGACUUUAGCGUAAUAAACCAGACAAAAUGAUAAAAAAAAAACAAA
24	chr1_KI270761v1_alt	3	CCCGGAAAGGUGUCAGAAUGAAUUAUCUAGCUUUUCACCCUGGUAGAAGACUGUGACUUCUUGGAGAUCUUCAAUUUCGGAAGCUAAUGCUACAACAAUGGAGAUUAGCAAUACCUGGACAGAGUUGAGCUUCAAAGGAUACUGAGAAAUGGCUAAAGCAGAUGAUAAAGAAAAAUGAGGAAAUGCUGUGAAGAACAAUAGAACGUUCAGAAGCAGAACAAGUCGAGAGCAGUGAUGACCCUUCUUCCUGCUGUCCUGUUUGUCUGGCUGAACUUCCAUCAGAUGUCUUGAACCUUCAAGAUGGGCUGGUGGUGUGUGGCCAGGUUAAGAGCACCAGGAGUAAGAAAGUGACCUGCCUGAGUUUACCGUGUGCACUAGGGAGGUUGAAAGCUUUUCACUGGUUGAUACAUCACCUCUGGGAGUUUAGAAGAAUGCAAUAAGAGAGCUGAGAAGUUCAGUAGGGUAUCUCCUGAACAAUUCUGGUUUCUUUCUAAAGCUUUUACAAUUUUUUACCUCUGUUAUGAAAUGCAAACUUUUAACCAAUUAGUAAUAGUAAUCUCAAAUCUCAUCAUCAUCAAAAUCUUUAUUUAUGAAAUGUAGGAGUUAGUUCAUACAGCCUUGCCUUUUCCAUAUAAAAUAUAUUCCAUAUAUAUGUGUGUGAUUUCAUUUAAUAUUCAAGUAAAAUGUUGUAAGAUAUUGUUAUUUUUAUUAACAUUCUCAGGUAUGAAUCUGAAACUCAGAGGUCAACUGAUGUGUGUUAAAGAUACCUCCACAAAUCAGUACCUUGAUUAAACUAAAAUUGGAGUCAUCUCAUAUCUUCAUUUCACCUCUUCAUUAGGACCGAUUGUAGUCUGUUUCCCUCACUUGCAAUUUUAUUGCUUUGUGUUGCAUUUUGAUUUUUAUCUUUGCUUUUGUUAAAAUUUGUCAUUAAAGUCAUAGAAAAAUAAAGUAAAAACUGGUUGAAUAAAAAUUUUAAAAUCGACUUAAUGUAAAUAAACCAGACAAAAUGAUAAAGA
25	chr1_KI270761v1_alt	3	AGUAAAUGUUGUAAGAUAUUGUUAUUUUAUUUUAACAUUUCACAGGUAUAGAAUCUGAAACUCAGAGGUUACUGAUGUGUCAAAGAUACCUCCACAAAUCAGUACCUUGAUUAAACUAAAAUUGGAGUCAUCUUCAUAUCUUCAUCUCUCCCUCUUUCAUUAGGACCGAUUGUAGUCUUGUUCUCCCUCUCACUCACUUGCAAAAUCUUUAUUGCUUUGUGUUGCAUUAAGAUUUUAUCUUUGGUUUUUGUUUUAAAUACUGUCAUUAAAGUCAUAGAAAAAUAAAGUAAAAACUGGUUGAAUAAAAAUUUUAAAAUCGACUUAAUGUAAUAAACCAGACAAAAAUGAAAAAAGC
26	chr1_KI270761v1_alt	3	UCAGCUCUAGUACUGAAUCCCCGGUGGUGUCAGAAUGAAUUGCAUCGAAGCUCACCCUGGUAGAAGAACUGACCUUUUGGAGAUUUCAAUUUCGGAAGCCGAUGUUACAACAAUGGAGAUUAGCAAUACCUGGACAGACUGAGCUUUCUAAGGAUACUGAGAAAAUGGCUAAAGCAGAUGAUAUAAAGAAAAUGAAUGCUGUGAAGAACUAAUAGAACGUUCAGAACAAGUCGAGAGCAGUGAUGUGACCCUUUCCUGCUAGUACCUGUCUUCUUGUCUGGCUGAACUCACCAUCAGAUGAUGUCUUGAACCUACCUAGAUGGGCUGGUGGUGUGUGGCCAGGUUAAGAGCACCAACAGGAGUAAGAAAGUGACCUGCCUGGUUUACAUGUGUUUGGGGGAGGGUUGAAAAGCUUUCGGUUGAUACAUCACCUCUGGGAGUUGAAGAAGAAUGCUAAAGAGCUAAAGAAGUCAGUAGGUAUCCUGAACAAUUCUGGUUUCUAAUAGCUUACAAAUCACCCACGUGUUAUGAAAUGCAAUCUUUAACCAAUAUUAGUAAUUAAUCAUCAUCAAAAUCUAUUUAUGAAAUGUGGAGUUGGUCUUCAUACAGCCUAGCCUUCCUUACUAUAAAAUAUAUUCCAUAUAUGUGUGAUCUUCAUUUAAUUAGUAAAUGUUGUAAGAUAUUGUUAUUUUAUUCUAACAUUCACAGGUAUAGAAUCUGAAACUCAGAGGUCUGAUGUGUCUGAGUACCUCCACAAAUCAGUACCUGAUUAAACUAAAAUUGGAGUCAUUCACAUAUCUUCAUCUUUCUCCCUCUUCAUCAGGACCGAUUGUAGUUUGUUCCCUCACAUCUGCAUUUAUUGCUUUAGUGUUAAUAUUUGAUUUUAUCUCUGUUUGUUUUAAAUACUGUCAUUAAAGUCAUAGAAAAAUUUAAAGUAAAACUGGUUGAAUAAAAAAUCUAAUUGACUUAAUGUAAUAAACCAGACAAAAAUGUGAAAAG
27	chr1_KI270761v1_alt	3	AGAAAGUGACCUGCCUGGUUUUACCGUGUGCACUAGGGAGGGGUUGAAAGCUUUAGUUGAUACAUUCACCUCUGGGAGUUGAAAGAAGAAUGCAAUUAAGAGAGCUAAAGAAGUCAGUGGGUAUCCUUGAACAAACUGGUUUUUCUUAGCUUUACAAUUUUACCACUGUUAUGAAAUGCAACUUUUAACCAAUAUUAGUAAUAGUAAUCUCAAAUCUCAUCAUCAUCAAAUCUUAUUUAUGAAAUGUAGGAGUUAGUUCAUAUACAGCCUUAGCCUUACCUCCUCAUUAUAAAAAUAUAUUCCAUAUAUAUGUGUGAUUUCAUUUAAUAUUCUAGUAAAUGUUGUAAGAUAUUGUUAUUUUAUUUAACAUUUCACAGGUAUAGAAUCUGAAACAUAGAGGUCAACUGAUGUGUCUAGAUACCUCCACAAUCAGUACCUUGAUUAAAACUAAAUUGGAGUCAUCUUCAUAUCUUCAUUCUUCUACCCUCCUUUCAUUAGGACCGAUUGUAUUGAUUUGUUUCCUCACUUGCAAUCUUUAUUAUUUUAGUGUUGCAUUUGAUUUUAUCUUUGUUUUGUUUAAAUACUGUCAUUAAAGUCAUAGAAAAAUUUAAAGUAAAACUGGUUGAAUAAAAUUUUAAAAUCGACUCUAAUGUAAUAAACCAGACAAAAUGAAAAAAAAU
28	chr1_KI270761v1_alt	3	GCAAUUAAGAGAGCUAAAGAAGUCAGUAGGUAUCUCCUGAACAAUCUGGUUUUCUAAUAGCUCUUACAAUUUUUUACCUCUGUUAUGAAUGCAAACUUUAACCAAUAUUAGUAAUAGUAAUCUCAAAUCAUCAUCAUCAAAAAUCUUAUUUAUGAAAUGUAGUUAGUUCAUAUACAGCCUUAUACCUUUUCUCCACAUUAUAAAAUAUAUAUUCCUAUAUAUAUGUGUGAUCUUCAUUUAAUAUAUUCAAGUAAAUGUUGUAAGAUAUUGUUAUUUUUAUUCUAACAUUUCAAGGUAUAGAAUCUGAAACUCAGAGGUCAUGAUGUGUCAAAGAUAGAUACCCACAAAUCAGUACCUUGAUUAAAACUAAAAUUGGAGUCAUCUCAUAUCUUCAUCUUCACUCCCUCUUCAUCGGGGACCGAUUGUAGUCUGUUUCCCUACUUAUAAUCUUUAUUGCUUAGUGUUGCAUUUGAUUUUAUCUUUGUUUUUGUUUAAAUACUGUCAUUAAAGUCAUGGAAAAUCAAAGUAAAAACUGGUUGAAUAAAAAUUUAAAUCGAAAG
29	chr1_KI270761v1_alt	3	CACCUGCUAGUACCCUGUCUGUCUUGGCUGAACCAUCAGAUGAUGUCUUGAACCCAAGAUGGGCUGGUGGUGUGUGGCCAGGUUAAGAGCACCAACAGGUAAGAAAGUGACCUGCCUGGUUUUACCGUGUGCACUGAGAGGGUUGAAAAGCCACAGCAUGAUACAUCCUAAGGAGUUGAAGAAGAAUGCAAUUAAGAGCUAGAAGUCAGUAGGUAUCUCCUGAACAAUCUGGUUUUCUCAAUAGCUUUACAAUCCUGUUAUGAAUGCAAAACUUCUUUUAACCAAUGCAGUAAUCUCAAAUCUCAUCAUCAUCAAAAUCUUAUUUAUGAAAUGUAGGAGUUAGUUCAUAUACAGCCUUAGCCUUCUCCUACUAUAAAAUAUAUUCCAUAUAUAUGUGUGAUUUUCCUAUUUAAUCAAGUAAAUGUUGUAAGAUAUUGUUAUUUAUUUAACAUUUCACAGGUAUAGAAUCUGAAACUCAGAGGUUUAUUGAUGUGUCAAAGAUACCUCCACAAAAUCAGUACCUUGAUUAAACUAAAAUUGGAGUCAUCUUCAUCUCAUUCUCUCCCUUUUCAUUUAGGUACGAUUGUAGUCUGUUUCCCUUCACUCACUUGCAAUCUAUUGCUUUAGUGUUAAUACUUGAUUUUAUCUCUUGUUUUUUGUUUAAUACUGUCAUUAAAGUCAUAGAAAAUAG
30	chr1_KI270761v1_alt	3	CAUAUCCACACAAAAUUUAUCCAUGAAAUGUAGGGAGUUUGGUUCAUAUACAGCCUUAGCCUUCCACAUUAUAAAAUAUUCCAUAUAUAUGUGUGAUUUCAUUUAAUAUUUAGUAAAUGUUAGUAAGAUAUUGUUAUUUUUUAUUUUAACAUUCACAGGUAUAGAAUCUGAAACUCAGAGGUUUGGUGUGUCAAAGAUACCACAAAUCAGUACAUCUGAUUAAAACUAAAAUUGGAGUCAUCUUCAUAUCAUCACCUCACUAGGGACCGAUUGUAGUCUGUUUCCCACUCUGCAAUCUCAUUUGUUUAGUGAAUGGCAUUUGAUUUUAUUCUUGUUUUGUUUUAAAUACUGUCAUAAGUCAAGAAAAUCAU
0	chr1_KI270761v1_alt	4	UGUCUUGAAGGCUAGUUGUUAUGUACCUGCAUCAUUUAUGUAUUCAUGAUGUAAGACUUUCUCUUUGGUAAGUUUACCUAAAGUUUUUUAUAUUUUUGUUGAUUUUUGAAAGCUUGGAAGUCAAAUUGUUUUUUCUAUCUGCAUUUUUAUUAAUCUCUCUAUUCCAAUACUUUUUUUUCCUCUUGUUUGCUCUUGUAUUGAGUCUGCUUCUUUUUCUAGUUCCUAAGGUGUAAAAUAUUAUUGUUUUAGAUGUUUCUUUUUUUGAGUAUAGGCAAUCCUUAGCUAAAAUUUUCCUCUCUAAGAGUUGCUUUAGCUGCAUCCUAUAUGUUUGUUAUGUUUAAGUCUCAUCUGAAUAUAUUUUCUAACUUCAUUUCCAAUUUCUUUUUGACCCACCGGUGCUUCACAGUGUGGUGUUUAAUCCCCUACAUGUGUAACUUUUGUAGUUCUCCCUUUAUUUUCAGAUUUCCAGUUUAUUUCAUUGAUUGGAAAAGAUACUUUGAAUUAAAUCUUUAAAAUUUAGUUUUAUUUGUUUUGGCAAUUUAUCCUGGAGAAUGUGUUAUAAGUACUAAAGAAGCAUCAUACUCUGCUAUUCAGUAUUCCACAUAUAUAUUAGGUCAUUUGGUUUAUAGUGCUGGCUCUAGUCACUUACUACUAUAUAUUAACAUUUUGUCGGUGCACUAUGCAUUAUUGAAAAUUGACAUUUAAAGUAUUGAACUAUCGGAGUCAGAACUGUUUAUUUCUUCCUUUAAUUCUGUCCACCACCUUGGCUCAUAUAUUUGGGUCUCUCUAUACAUUCAUCAUUCAUGUUUACAAUUUUUAUAUCUUAAAGGAUUUAUUACUCAAGGAAGAUACACAAAUGAUCCCAAACAGUAUACGAUUUUUUUCUAUAAAAAUUUUUGUCAUAAUCACUUUGUCUCUAACAUAGCCACUUGGCUAUCACGGGUUACCAUAUUGCACGAAGUAUCUGUAUUAUCUUCACAUGUAUAGUAUAUGAUAAAAUGUUAUAUUCACAGAUAAACAAUUUAAAGUAUAAAAUUAUGAUUCAAUAUGCUUUUUAAUUUCCUUGAACACUUCUCUAAAUCUAUUUUCUUUAUUUCCUUUAUAGUUUAUUAUUUCAUAUGCUUAAUAAAUACAGGAAUGACAAAGUUGAAAUACAACCAACUACAGAAGUACAAAAACCUGGGACUAUUAUGAACACACCUCUCUAUAGACAAACUAGAAAACCAAGAAGAAAUAAAUCCCUCGAAACAAGAAUUUAUCUAUUUCCACCCAAGAUUUUAUUUAACCCUGACAUUAAGCCAGGAAGAAAUUGAAUCCUGAACAGACCAAUAAUGGGUCUGAAAUUAAGUCAGUGAUUAAAAACCUACCAACCAAAACAGCCCUGGACCAGACGGAUUAACAACCAACUCCUACCAGACAUAAAUAAGAGUUGGUACAAAAUCUUCUGAAAUUAUUUUAAAAUUGAGAAGGGAAUACUCUUAAGUCAUUCUGUUGAAGCCAGCAUCAUCUGAUACCAAAAUUAGGCAAAUGACAAAAAAAGUAAAGUUUAGGCCAACAUUCCUGAGGAAUAUAGACACACAAUCCACGAAAAUACCAGCAAACCAAAUCCAGCAGCACAUCAAAAAGUGAAUUUUCUUCGAUCUGGUAGGCUAUUCUGGGAUGCAAGGUUGGUUUCAACAAAGUAAAUCAGUAAAUGUGAUCUUUAAACAUAUUAAAUAAAGAAAUCACAUAUCAUCUCAAUAGAAGCAAAAUGAUUUCACAUUACAUCAGCAUCCUCUUCUUCUAAAACCCUCAAUAUACUGGGCACCAAAUGAACUAUCAAAAUACAAAGAGCCAUCUAUGAUACACCCACAGCACCAUCAUACUAAACAAGUAAAAUCUGGAAGCAUUCCUUCUUGAGAACUGGAACAAUUUGAACAAUUCAGUUCAAUUUCUCAUCAAAAAUUGUGUUGACAUGAUUGAUUGAAGUAUUUAUCCCCCUUUACCCAAAUACCAGGCCACAGACAGCAUGAAAUUAUUUUGUAAACAUAGCAAUAAAGUCCAGAUUGGUCAUUAAAUUGAGAUUUUUUUAUUGUAUAAACUCAAGAUGUACAACAUGAUGUAGAUCUAUAGUGAAAUAAACUACCACAUGCUAGCAAAUUAACACAUCCAUCACUGUCUGCAGUUUACUUUUUUUUGUGAUAAAACACAUAUUAGUUAUCUCUUAGCAAAUUUGUAAUGUAUAAUAAAAUAGAACUAUAGUCCUCUGUUGUACAUUAGAUCUCUUAAUAUCUAUGUUACAUAACUGUAAUUUUGUUCUUCUUUUACCUACAUUAUCCCAAUUUGUCUACUUCCUGACAUUGGCAACUGCCCUUCAACUCCCGUAUGCUUACUCAAUUUCCAUUUAUUUUACACAUAAAUGAGCUCAUGCUGCAUUUUCUCUUGUGCCUGACUUGUUUCACUUGGCAUAUUGUACUCCAACAUUUUAAAAUUUAUUAAGUUAAAAGAAUUAAACAAGUAAGCUAGUUGCCUAAGAAGUUAAUGACCCAGAAUAUAAUAACAAUCAUGGAAAAUGUGUUACCAUUAUAUCUUUUCAAGUAGGUACUGUAAAUAUUUUCUGUAUUAAUACUGACUAUGCUUUGUUAAGUUGUCAUUCUAUUUGAGUUUUUAACCCCUUUGUUUAACCCAAUCUCCUCAAAAAUGAAUAAAUGCAUUGACUCAAGAAAAAAACGC
1	chr1_KI270761v1_alt	4	AAUAAAGAAAAUAGAUUUAGAAGAGAAAAGAAAGUGUCAAGGAAAUUAAAAGCAUAUUGAAUCAUAAUUUUAUACUUUAAAUUGUUUAUCUGUGAAUUAACAUUUUAUCAUACUAUGAAGAUGGACAGAUACUUCUGUGCAGUUGGUAACCGAGAGUAAAAAA
2	chr1_KI270761v1_alt	4	UGUUAUGAUUGAUUGAAGUAUUUUAUCCCUUUUACCCAAAUACCAGGCCACAGACAGCAUGAAUAUUUUAAAUAAACUAAAAUAAUAAAGUCCAGAUUGGUCAUAAUCGAGUAUUUUCAUUGUAUAAUCAAGAUGUACAACAUGUUUUAGGAUGAGGUAGAUAUCAGUGAAUAAUUACCUCGCUAGCAAAUAUAUAUCCACAUUUCUGUCAGCAGUUUACUUUCUGUGAUAAAAACACAUAUAAUCUAGUUAUACUUAGCAAAAUUUGUAAUGUAUAAUAAAAUAGAACUAUAGUCCUCUGUUGUACAUUAGAUCCUCUAAAUAUCUUAUGUUACAUAACUGUAAUCUUCUGUCCUUCUUUCUACCUACAUUAUCCCAAUAAUUUGUCUACUUCCCUGACUCUGGCAACUGCCCUCAACUCCCUAUUUAUCUUACUCAAUUUCCUUAUUUCUUUAAAUGAGCUCAUGCUGCAUUUUUUUCUUUGUGCCUGACUUGUUCACUUGGCAUAUUGUACUCCAUACUUUAAAAUUUAUUAAGCUUGAGAAUUAAACAAGUAUAAGCUUAGUUGCCUAAGUUAUCAUGUACCCAGAAAUAAAUUUUCAACAAUCAUGAAAAUGUGGCAACUAUAUCUUCUUUGAGUGUCUUGUAAAUAUUUGUAUUAAUACUGACUAUGCUUGCUUAGUUGUCAUUCUAUUCUGAGUUUUAACCCUCUUGUUUAACCCAAUCUCCUCCUCAAAAAUGAAUAAAUGCAUUGACUCAAGAAAAAAAAAAAAAUCCUCCCUACACCCAUACACACAUCCCUUAUUUUAUAUAUUCCAUUUAUCUUCAACCUACCCCACCACAACCUACAUAACACCUACAUAAAAAAAAAAAA
