0	chr1_KI270706v1_random	0	GUGCAAGGGCGAAGAGGAACCCGUGGGCCUCAGGGGAUCCCGGGGGGCCGGACCAGUGUUCCCUAGUUGGUGGAGCAGACGCGUGGGCGCAUUGCGGGCAGCUAUGACCAGUGUCCACUGGGUGUUUCCAAGAGCAACAAGAACGAAUAAAUCUGCCAGGAGUUUUAGCCAAUCAGAGGCCUUGCUGCCCACAAUUUGGAAAUCCUUUGGAUUUGACCAAGUCAGGGAAGAGACGGGAGAAAAGUGAAACAACAACAACAAUAAAGCCCCAAGCAGACAAAAGAGUUAAGCAAAACAACAAAAUGCACAAUUUCAUAUGAUUACUGAGUGUUCUAAUGAACAAAGAAGAUAAUAAGAAAAUAAUCAUCUGGUAACCAUCAUAGUAAUAAUUGUUCAAACACAAAGUCAUCCAUGAAAAAAUAAUUAGUGGUUCUGAGGAGUAACCAGAUAUCAUGAGAGCCUCAAAGUAUCCAUACAAAAUACGCGGUUGAACUACUAAAAGAAAAUUGUAACAUUAGCUUUAGCAAACUUGAUGUGGCUUUACCCGGAUUCCAGAGAAGAAAGUAGAUGGGAGCAAGUGUCCAAUACAGCAACAGCUGGAAAAGAAAAAUAAAGAAUUUGUUUUACCUAAACACUUCUCAGUUAACUGGUGUGAGUUUAAAACUAAAGACUUGAGUUCUAUCAGAGUUAAUAAGAACGAGAGUGGUAUGUCAUCUUACAAUACAAAAUUACUAUUUAAUAAUUUACCUCAUGGCAUUAAUUCUAAUUGUGUUUAAAUAUCAGAGCUUUUUCAGGCUUCAUUCAUGUAAUCAACAGCCACAUGCUGGGUACUUCGAACCAGCAGUGGAAUUACAAAGAUGAAGAUGGCAUGGUCCACCUUACAGUCAUAAGCUAUAAUCUAAAAACAGACAGGCAGGCAAUGUCUAUAUAGAGUCAUAUAUACCAUGACAGAUAUAGAGCAGGGCACUACUGGAACACAGAGAAGGGACAUCUACCCACUUUUAUGUCAAUAUCAUGGGCUUUCUGGUGGAGGAGAUAACAUAGGUUGAUACCUGAAGGACAAGGAAAAGCUUCCCAGAUAGAGGAAAGAGGCAACAGGCAAAGAGCCUAAAGGUAAGGAAGAGCCCUGCAGAGUUCCACUCCAUCCAGUUGGUGUAAGAGCUGGGGCAGAGUGCAGUAAGCGGUAGAGAAACAAGACUGAGUAACUUGACCAGAAUCACAUUGAUGGUGUUUUUAUUCAUGGUGAAAAAUUUGGAACUUUCCAAGAACACAAGGGUGUAAGCCAAUGACACAGUUAAUUAGAGGAGAUCAAAUGUCACCUGUCAAGUGACUGCUUAUGGUGGAAGGGUUAUUGCUAGCUAAAGUAUUUCUGAAUGAGUCUUAGGUCUGUUGGCCUUCAAUCUACCAAAACCCUGAGAACAUUGAUGAUGCUUUGUUCUCUGAGAAAUCGUUUUCAGUGUGUGCUGGCUGACAGUUCCAUGAGGAUGGCAAAACUUAAGAAAGUGUAGAGCCAAUGAAAAGAGAUGCACAGACAUCUUGGGAACUGUUUAAGCUUUGGAACAUGAUGAAUUUAUGGUGCAUAAGUACAGUCUUCUCUGUGAAAGUAUUGUCUACAUCUUUCAUUAGAUAUGUGUAAGAAAAAAAUAUUGAUGUAGUAUCUACUAACCCAAGAAUGAAAAGGGAAUGCCAUUUGCUAUUUACACUUUAUUUCUAAAAUAAACCUAAAUUUAAUUAAUAAAUUUUUGUCAUCGUAAAAAGC
16	chr1_KI270706v1_random	0	UCAGUGGCUCCUCUGCUUCUAAAAAAAAUUACUCAUUCCAGAGCUAGCGCAGAGAAAAUACAAGCUGAGCUUAGAACAUCUCUGCCACAAAGUAAAAAAGUGCCGACAGAGUAAUGGAGACAAUUUGGAAGAGACAUAAAGUCAGCUUGGAAUGUCUACUGGCCUAAUCUUGGGGAAUUGGAGCAUCAGAAUCAUGAGCUUUUCCUUUCCCACUAUUUAUUGGUUUAUUCCAUGUAGAACAAAGAAGAUAAUAAGAAAAUCAUCUGGUAUCAUCUCAUAGUAAUAAUUGUCAAACACAAGUCAUCCAUGAAAAUGGCUAAAUCUAGUGGUUCUGAGGAGUAACCAGAUAUUACAGAGCCUCAAAGUAUCUCCAUACAAAAUACGGUUGAACUACUAAAGAAAAUUGUAACAUUAGCAUGGACAAACCUGGUAGGUACUCCUUAAGUCCUAAGUAAUAAACUGUAAAUGCAAUAAGCCUUCGAUGACCUUUAACCACUAAAGUAUCGUUGAUGACUUGGUUGUUUAAACAGCUGACAUUGGGCAAUUUGAGUAUGUCAAACUCAAUACUGGUUCAUUUGCAAGAUCCACUUAAAACUUGGGAGGCCAAAAAAACAUCAUUUAAAUACCUAUAAAUUAUAAUCAUAUACAUAUGAUACAAAAAUAUCCUACUUCAGUAAAUAUUGGAAUGUUAUAUAUUUUAUGAGAACUGUAAUUAAAAUGUGUAAAACUGCCCAGUGAUAAAGU
17	chr1_KI270706v1_random	0	ACAACAUCAAGUAAAUAAUUGUCAAACACAAGUCAUCCAUGAAUAAAUCUGGUGUUCUGAGUAUCAGAUAUUACAGAGCCUCAAAGUAUCAUUUCAAAAUAUAGUUGAACUAAAAAGAAAAUUGUAACAUUAGCAUGGACAAACCUGAUGGUGAAUACUUGGAUUCAGAGAAGAAAGUAGAUGGAGCAGUGUCAAUACAGCAACAGCAAGAAAGAAAAAUAAAGAAUUUGUUCUCCUAGCAU
18	chr1_KI270706v1_random	0	UAAAUACCCUAUAAAUUAUAAUCUAUUUCAUGAUAAAAAUAUCCUACUUCAGUAAAUAUUGGAAUGUUAUAUAUUUUUAUGAGAAACAAUUAAAAUGUGUAAAUAGCCAGUGAUAAAGUUUUUAUAAUUUUUAAAUCAUCAUAAAUUCUUCCUUUAAGACUUUAUGGUUAAAUAUUCUCUUCAUUAGAUGUGGCUUACCCGUGGAUUCCAGAGAAGAAAGUAGAUGGGAGCAAAGUGUCCAAUACAGCAACAGCUGGAAAGAAAAAAUAAAGAAUUUGUUUUUACCUAAUACUCAGUUAACUAAGUGUGAUUUAAAACUAAAGACUUGAGAACUUUAUCAGAGUUAAUAAGAACGAGAAAUAUGUAUACAUUUACAAAUACAAAAUUACUAUUUAAUAUUUACACAUGGCAUUAAUCUCUAAUUGUGUUUAAAUAUCAGAGCUUUUCAGGCUUCAUCAUGUAAUCAACAGCCACAUGCUAAGGUACUCGAACCAGCAGUGGAAUUACAAGAUGAAGAUGGCAUGGACCCACAGUCAAGCUAUAAUCUAAAAACGGACGGGCAGGCAAUGUCUAUAUAGAGAGUCAUAUACCAUGACAGAUAUAGAGCAGGGCACUAUGGAACACAGAGAAAGGGACAUCUACCCACUUUAUGUCAAUAUCAUGGGCUUUUCUGGUGGAGGAGAUAACAUAGGUUGAUACCUAAAAGAAGGACAAAGAAGGUUCCAGAUAGAGGAAAGAGGCAAAGGCAAAGAGCCUGAGGUCAGGAAGAGCCCUGCAGAGUUCCACUCCAUCCAGUUUGGUGCAAGAGCAAAGGGCAGACAGUAAGCGGUGAGAAACAAGACUGAGUAACUUGACAAGAAUCACUGACAUGGGUGUUUUUAUUCAUGGUGAAAAUCUUGGAACUUUCCAAAGGAUUACAAGUGUAAGCCAAUGACACAGUUAAUUAGAGGAGAUUUAAAAAUGUCACCUGUCAAGUGACUGCUUAUGAAGGGUUAUUGCUCAGCUAAGUAUUUUCAAAAAGAAUGAGUUUAGGUCUGUUGGCCUUCAAUCUCUACCAAAACCCUGAGAACUUGAUGAUGCUUUGUUCUUUUGAGAAUCGUUUCAGUGUUGGCUGACAGUUCCAUGAGGAUGGCAAAUAUUUAAGAAAGUGUAGAGCCAAUGAAAAAGAGAUGCCAAGACUUGGGAACUGUUUAAGCUUUGAACAUGAUGGCUAUGGUGCAUAAGUACAGUCUUCUCUGUGAAAAGUUUUGUUUUACAUCAUUAGAUGUGUGUAAGAAAAAAAUAUUGAUGAAGUAACAUUAACCCAAGAAUGAAAAGGAAUGCCAUUUGCUAUUUACACUUUAUUUCUAAAAUAAACUCUAAAUUUAAUUAAUAGUCCAAAAAA
19	chr1_KI270706v1_random	0	AAAGAAUUUGUUCUUUACCUAAAACUCAUUCAGUUAACUAAGUGGUUCCACUAUUGCACUGGCUGGUCUCAUACUCAUGGGCUCAAACGAUCCUGCUUCAGCCUUCCAAAACCAGGUGUUUAACUGGGGACUAACACGAAACACUUAGAAGACUACGUGGAACAUAAUUUUACUUGCAGGGUUCCACAGAAGUCUCCAGUCUCAAAUCUUCAGUGUAUGAGCACAGAUUUCCUGAAAGAAUGGCCUCAAAUGACCAGGAGUAGGAGCUCUAUAUCCCUGCUCCUGAAAACAAGCUAACUGGAGUCUCCAUCACCUGCCACCUGAGCUAUCUCUACCAUUACCCAACUGAACUCCUCGACUGAUUUGCCAGCUAAUCAUGCCCCUGACCCAAGCCCACAUGGACAUGGGAAGGACAUUCAGUGAUUCUGUGAAAAGAGGCAGAGACUUUACCCGUUUGUAUUAUGAAAACACACGCCAAUAGGACAUAAAAAGAAGCAAGAGUACUGGGCUCUACCAUUGAGUCCAAAAUCUCAUUUCUGCCAAUCACCUAUCUAAAAAAGCUUCGUAAUCUCUCUGAGCCUCACAUCUUAUCUGGAGAAUCACUUGACCAGAAUGUUCAACGCAGAGAAAAAUACUAGAAAGGUAUUUAAUUCAUUCCAAGAUUCCUUAAAAUUCUGUAAUUCUAUGUCCUCUUGAUUCUGUCUAUAGAAAAACUUGGAAUACAUGGGCAGCAGAGUUUGAAAAAAUAAUAGAACAAAAGAAACACCAAGAAAAACAGAGAAGAAAAGUUUAAAAAAUGAAGACAAGAUUAUAUAAAGUCAUAGGAAAAAGCAACAAGUUAAAAUGUAUUAUGGAAGUAAGCAGAAAUACCUUGCCUAAAUGGAAACCAAACUGGGAAGUCAAAUAAUUUAGUCUCUAAGACUUGCCUAAACUUGCUUUAGUAAAAACUUACAGUCCUAUGGCCAAAAGCUAAGUCAGAUUUGCCCUAGAGCCUUUGGAAGGUAAAAAUAAGAUAAAAUUACCACUGAAUCGUCAAAUUUAUUAGGACUAACCACAUUUUAACAAUAAACUUAAAUGAGAGUUAAAAAAC
1	chr1_KI270706v1_random	0	AGUAGCGGGGGCCGGCUAGGGCUGGUUCAUGUCCCUGCGGGGUCGGUGGGGCGAAGAGGAACCCUGGGCCUCGGAUCCCGGGGGCCGGGCCAGUGUUCACCCUAGUUGUGGAGCAGACGCAUGUGGGCACAUUCUGCGGGGCGGGCAGGGCCCUGAAGUGCAGCUAUGUUCCAGUGUCCUGGGUGUUUUCCAAGAGCAACAAGAAACGAAUAAAUCUCUGGGGUUCCACAGAAGUCCAAUCUCAAAUCUUCAGUGUAUGAAAGCACAGAUUCUCCUGAAAGAAUGGCCUCAAAUGACCAGGAGUAAGAGGCUCUUUAUAUCCUGCUCCUGAAAACAAGCUAACUGGAGUCUCCAUCACCUGCCACCAGCAAUACACACUACCAACUACCCUAACUGAACUCCAUGACUGAUUUGCCAGCUAAUAUGCCUGACCCAGCCACAUGGACAUGGAAGGACAUCAGUGACUGUGAAAGAGAGACGGAGAUUCACUUCUUGUUGCCCAGGCUGGAGUGCAAUGGCACAAUUCAGCUAUCCAAUUUGUCUCCAGAUCAAGCUAAUUCCUUGCCGUCUCCCGAGGAGCUGGGAUUACAGAUGAAAGCACCAUUAUCAAGUCAGAAGAGCACAAGUCAAACCUUGUAAGUUGAGGAUUUUCUGUACUUUUUAAAUGUUUGAUAGAAUUUCACCUAGAGCAUGUAGCCUAUAAUUAUAGAAAUCAAUUAAAAAUUUUCAAUACAUAGAGAAGCUAUUACUCUUUAUUUCAUUUUGCAUCCGUUUUAGGAAUUAGUUCACAAAAUAAUUUCCCAUGUUAUUUUAAUUUGUCAAAUGUAUUGGCCUAAAGUUUUUCAUAAUUAUAUUGAUGUCUGUAGGUUCUGUAGUUACAUCCUUUAUUUAAUUCCCAUUAUCUACAUUAUGUAGCUUAAUUUUUUCGAGAUAAAAUCUUGCUAGCCAUUGUUUAUUAAAAAAAAAUUUUUUUUCAAAGAACCAAUUUGUGGGUAUAUUAAUUAGCUCCACCUUUGUUAUUUGCUAUGUUGUUGGUUUACAUUUUUAUCUUUUAUCAUCUUCCUUCUUCUUAAUUGGAUAUACUUUUGCUCAUUUUUAGCCUCUUAAAAAGAACCUAAAGGUCAUUGAUUGAAGCCUUUUAUUUCAAUAUAUUACAUCUAUAAAAAUGUACCUUUAAGAAACGAUUUAUCUGCAUCCAUUUAUUAAGUUUUUAAAAUUUCAGUUUAAACUAUUUUUGUGAAACUUUUCUUGGCAAUAGUUUUUCUUGAAGUAUUUUGUUUUAAUGUCCAAAUGUUGGGGUGUUAUUGUACAUAUCCUACUGUUGUCCAUCUGGUUUCAUGAUACAAUGCAUGUUCCAUUGCACUUAGAUAACAUGCCUUUAUGUCUCUGGAGAAUUCCAUAGUCUUCUAAAAUGCUUUGAUGAAUACUGGCAGUUAUUUUGUAGAAUGUCCCUCCUCAAUUUCAGUUAGUCUGAUGUUUUCUUCACAGUUAGGACUAAAGUUAUACAUUUUUGUCUAAGAAUACCAUAGAAUUGAUGGUUUUGUCCUACUCAGUGCAUCAUAUAUAAGAAGUUACAUGAAGUUCAUUUAUCUUUAUUAUUAGUAUAUAACUUGAUCACUUGGGUAAGUUGACAUCUCCACUUUGAAGUUACUAUUCAAUUAUCUGUGGAAGAUACUUUCAUAUUAUGCAAAUAUGUUCUUUCCCAACAUAUAUUCACCACUAAUCUUAGCAUCCCUCCAAGGUUUUCUUGCAACAAUUAUUAUGAUAUUUGCAAAAGUGAUGAUUUUAUAUUGUAUGUACCUACAUUUAAUGAAAUCUUACUGUAAUAAAAAUACUACCCAUUCUCACCCUCUCCACCCUCAUAUUUCAUAUAUUUAUCUUUUUAUCCAUAUCCUAUAUCCUCAUAUACACCUUAAAAAAAA
20	chr1_KI270706v1_random	0	ACAAGUAAAUAAGAACGAGAAAUAUGUAUGUACAUUUACAAUACAAAAUUACUAUUUAAUAUUUACACAUGGCAUUAUUUUAAUUUGUGUUUAAAUAUCAGAGCUUUCAGGCUUCAUCAUGUAAUCAACAGCCACAUGCUAAGGUACUCGAACCAGCAGUGGAAUUACAAGAUGAAGAUGGCAUGGUCCACCUCAACAGUCAAGCUAAUCUAAAAACAGACAGGCAGGCAAUGGGUCUAUAUAGAGUCAUAUACCAUGACAGAUAUAGAGCAGGGCACUACUGGAACACAGAGAAGGGACAUCUACCCACUUUAUGUCAAUAUCAUGGGCUUCUCUGGUGGAGAUAACAUAGGUUGAUACCUGAAGGACAAGGAAAAGCUUCCCAGAUAGAGGAAAGAGGCAAAGGCAAAGAGCCAAAAGGUCAAAGGAAGAGCCCUGCAGAGUUCCACUCCAUCCAGUUUGGUGCUAGAGCAAAGGGCAGAGUGCAGUAAGCGGUGAGAAACAAGACUGAGUAACUUGACAAAAUCACAUUGACAUGGGUGUUUUUAUUUCAUGGUGAAAAUUUGGAACUUUCCCUGAGAACAAGUGGUAAGCCAAUGACACAGUUAAUUAGAGGAGAUUUAAAAUGUCACCACCCUGCACAAGUGACUGCUUAUGAAGGGUUAUUGCUCAGCUAAGUAUUUCUGAAUGAGUCUCUAGGUCUGUUGGCCUUCAAUCUCUCUACCAAAACUGCCCUGAGAACUUGAUGAUGCUUUGUUCUUGAGAAUCGUUCAGUGUGCUGGCUGACGGUUCCAUGAGGAUGGCAAAAACUUAAGAAAGUGUAGAGCCAAUGAAAAAGAGAUGCACAGACAUCUGGGAACUGUUUAAGCUUUUGGAACAUGAUGAAUUUAUGGUGCAUAAGUACAGUCUUCUCUAGGAACUUGUUCACAUCUUCAUUAGAUGUGUGUAAGAAAAUAUUGAUGUAGUAUCUACUAACCCAAGAAUGAAAGGAAUGCCAUUUGCUAUUUACACUAUCUAAAAUAAACCUAAAUUUAAUUAAUAAAUUGUCAUCUGCAA
22	chr1_KI270706v1_random	0	GAUAUAUAUCCCUGCUCCUGAAAACAAGCUAACUGGAGUCUCCAUCACCUGCCACCAGCUAUACACACAACUACCCAACUGAACUCCAUCGACUGAUUUGCCAGCUAAUAUGCCCCUGACCCAGCCCUCAUGGACAUGGAAGGACAUCAGUGACUGUGAAAGAGGCAGAGGUGAGACACCUGCCCUGUGCCAUCUAUGUAGUUCAGCAAUUUCCAGCCCCUUAGUACUCCAGGCCACUAGCCUAAUCUCCCCUUUGUAAGUCAGGAUGGAAGUAGAUGACCUCCAUUCUCUAUCUGCUGUAGACAUUCUUCCCAGUGUCUCAAUAUGUUCUUGGCAUCUUCUCAGUAAAAAUCUUCAAGUUUGUCAGUCCUUGAUUUAAAAAAAAGCAGCAAAAUCUUUAGAGCUCCCUUGAACCUUCUAUUUUAUGUGCCUUUGUAGAUAAUUCCCAACAUCUGUGUGUCCUUCAUUUUUAUAAUUUAUCUUUAUCAAACUUGUCAUAAACCCCAAUACUUUGAUCUCUUGUAGAAGAGUCCGUACUCCUAUCCAAUCCAGUGUUGUUUAUCUCUCAAAACUUGGACUGCCCCUGCUCAUUCCAUUCUUAUACAUUUCCAUUGGUUCACCAGCUAAUUCCAUUCUCAUUCUGCCACAGACUCACUCCCGUUUGUAUUAUGAAAACACGCCAAUGGACAUAAAAAAGAAGCAAGAGUAGGCUUUACCAUGAGGGUCCAAAUCUCUCAUUUCUGCCAAUUCCUAUGUCUAAAAAAGCUUCGUAAUCUCUUGAGCCUCUUCAUUCUCUAUCUAGAGAAUCACUUGACCUACCAGAUCGACCAACGCAGAGAAAAAUACUGGAAGGUAUUUUAAUUCAUACCAAGAUUCCUUAAAAUUCUUGUAAUUCUAUGUCCUUCUGAUUCUGUUUAAUAGAAAACUUGAAUACAUGGGCAGCAGAGUUUGAAAAAAUAAUAGAACAAAAGAUCAGAAAAACAGAGAAGAAAGUUUUAAAAAAAUGAAGACAAGAUUAUAUAAAAGUCAUGGAAAAAGCAACAAGACUAAAUGUAUAUGGAAGUAAGCAGAAAUACUUUUGCCUAAAUGGAAACCAAAACUGGGAAGUCAAUAAUUUGUCUCUAAGACAUGCCUAAACUUGCUUGGUAAAACACAGUCCUAUGGCCAAAGCUAAGCAGAUCGGCCCUAGAGCCUUUGAAGGUAAAAAUAAGAUACUGGUUACCACUGAAUCGUCAAAUUUAUUAGGACUAACCACAUUCUAAACAAUAAACUUAAAUGAGAGUAAGGUAUUUAACUCUCAAUUUAGAAGUUAAUCAAUUAAUGAUCUGAUUGAUCCUGAUCAGACCUAUACUUUGAUCCAAGGGCUGCACAGAUAUCUAUCAAUCUAUGCUGAGGAGCAAAGAGAAAGGAUUUGGAAGGCAGACAGGCUGAUGGUCAAACAAGGUGGGUCUGGACUUUGUUAACUAUGGGAUCAUGAGGCAAUUAAUCAGCUCUAAUCCAUAGUUGUUUAUUUAACAGUAGGUUAUAGGAACACAGAUGUUAUGAUGGCUUUAUGAGAUGAUAAUGCAUAGAACAUAUUAGGAUGUCUAGCCCAGAAUACAACACUCAACAGAUAUUUUAGUUUCUUCCAUCUAUAUUUCUUUCUAGUUAACAUAAUUUUUAAAUCUAUGAAAUCUUACCUGACUGCAGAUUCAUCAGAAAAUUCCAACAUCUAUAAGAAAAGGUAAAAUGUAUUUUAAAUCAAUAAUAAAUGUACAGAAUAUUAAAAUCAUAAGAAUGCAGUGAUGCAUGCCUCACUGCCAAACAUUGGAGGAUGAGGCAGGAGGAUUCACUUGAGGAGCCCAGAAGUUUGAGACCAGCCUGGGAACAUGGUAAGACAUUACCUUUCAUAAAAAAAUUGUGCACUGUGUGUAUGCUUUCUAGAUCCUGUUUUGUUGUUGUUGUUUGGUUUGGUUUGGUUUUUAAAGCAUAAGACUGACGUUUUGUUACAAAGCAACACCUUGGGAGCAUGCCUGGGAACUUAUUAGAAUUAACAUUUUAUUAUAAGUAUUGGUAGGUAUAAUGCAGUAAGAACUCUUCCCUUGUAUUUAUUAGAUGUCAAAGAAGAAUAAAUUUAUUAAAAUUUGGUAUCUACAAGUGAAAAAAUCCCUCCUCCUACACCCUCAUCAUCAACUAUCAUAUCAUAUCCAUCCUAUCACAGCAAU
23	chr1_KI270706v1_random	0	ACAAUACCUGAAAACAAGCUAACUGGAGUCUCCAUCACCUGCCACCAGCUAUACACACUACCGCCCAACUGAACUCCAUGACUGAUUUGCCAGCUAAUCAUGCCCUGACCCAGCCCACUGGACAUGGGAAGGACAUCAGUGAACUGUGAAAAGAAGAGACACUCCCGUUUGUAUUAUGAAAACACACCAAUAGGCUUUCAAAAGAAGCAAGAGUAGGGCUUUUACCAUGAGUCCAAAUCUCAUUCUGCCAAUUCCUAUGUCUAAAAAGCUCUUGCACUUUUGAUCCACAUUCUUAUCAUAAGAGAUCUUGUUCCAGAAUGUUCAACGCAGAGAAAAAUACUGGAAGGUAUUUUAAUUCAUUCCAAGAUCCUUAAAAUUCUGUAAUACUAUGUCCUCAUGAUUCUGUCUAUAGAAAAACUAGGAAUACAUGGGCAGCAGAGUUGAAAAAAUAAUAGAACAAAAGAAACACCAAGAAACAGAGAAGAAAGUUUUAAAAAAUGAAGACAAGAUUAUAUAAAGGUCAUGGAAAAAGCAACAAGACUAAAAAUGUAUUAUGGAAGUAAGCAGAAAUACUUGCCUAAAAUGGAAAACCAAACUGGGAAGUCAAAUAAUUUGUCUAAGACUUAAACUUGCUUUGGUAAAACUUACAGUCCUAUGGCCAAGCUAAGUCAGAUCUGCCCUAGAGCCUCUUGAAGGUAAAAUAAGAUACUGGUUACCACUGAAUCGUCAAAUUUAUUAGGACUAACCACAUUCUAACAAUAUAAAAUGAGAGUUCAAGGUAUUUAAACUCUCAUUAAUUUUAGAAGUUAAUCAUAAAUUAAUGAAUCUGAUUGAUCUGAUUCAGACCUAUACUUUAAAGUCCAAGGCUACAGAUAUCUAUCGCUGAGGAGCAAGAGAAAGGAUUUGGAAGGCAGACAGGCUGAUGGUCAAACUGUAGGCCAGCUACUUUGUAACUAUGGGAUCAUGAGGCAAUUAAUCAGCUCUGCACAGUGUUUAUUUAACAGUAGGUUAGGAACACAGAUGUUAUGAUGGCUUUAUGAGAUGAUAAAUGCAUAGAACAUAUUAGGAUGUCUAGCCCAGAAUACAUCUACAGAUAUUAGUUUCUUUCCAUCAUAUUUUGGUAUAUAAUUUUUUAAAUCUCUAUGAAAUCUUACCUGAUAUAGAUUUCAUCAGAAAUUCCAUUUAUUAAAGAAAAAGGUAAAAUGUAUUUUAAAUCAAUAAUAAAUGUACAGAAUAUUAAAAUACAAGAAUGCACAGUGAUGCAUGUCCAUCCAAAACUACUAGGAGGAUGAGGCAGGAGGAUCACUGGAGGAGCCAGAAGUUUGAGACCAGCUUGGGAAACAUAGUAAGACUACUCUUCAAAAAAAAUUGUGCACACUUGUGUGUAUGCUUUAAGAUCCUGUUUUUUGUUGUUGUUGUUUUGGUUUGGUUUGGUUUUAAAGCAUUGGACUGACGUUUUGUUACAAGCAUUCAAAGGAGCAUGCCUGGGAACUUAUUAGAAUAACAUUAUAAGUAUUGGUGGGUAAUUAAUGCAGUAAGAACUCUUCCCUUGUAUUUAUUAGAUGCAAGAAGAAUAAAUUUAUUAAAAUUGGUAUACAAAAACAAAAAAA
24	chr1_KI270706v1_random	0	GACAUAAAAGAAGCAAGAGUACUGGGCUUUACCAUGAGACGUCAUUUUUGCCAAUCUAUGUCUAAAAAAGCAAUACUUUGAGCCUCACAUUCUUUAUUUAGAGAAUCUUGACAGAAUGUUCAGAGAAAAUACUAGAGGUAUUUUUAAUUCAUUCCAAGAUUCCUUAAAAUUCUGUAAUUAUGUCCUUUGAUUCUGUCUAUAGAAAAACAUUGGAAUACAUGGGCAGAGCAGAGUUUGAAAAAUAAUAGAACAAAAGAAACACCAAGAAAAACAGAGAAGAAGUUUUUAAAAAAUGAAGACAAGAUUAUAAAAGUCAUAGGAAAAAGCAACAAGACUAAAAUGUAUUAUGGAAGUAAGCAGAAAUACUUGCCUAAAUAGAAAACCAAUUGAAGUCAAAAUAAUUUGUCUCUAGUCUACUGCCUAAACUUGCUUUGGUAAACAUACAGUCCUAUGGCAAAAAUAUAAGUCAGAUCUGCCCUAGAGCCUUGAAGGUAAAUAAGAUACUGGUUACCACUGAAAUCGUAAAUUUUAUUAGGCUAACCACAUUCUAACAAUAAACUUAAAUGAGAGUUCAAGGUAUUUAAACUCUCAUUAAUUUAGAAGUUAAUCAAAUUAAUGAAUCUGAUUGAUCUGAUUCAGACCUAUACUUUGAUCCAAGGGCUGCACAGAUAUCUAUCAAUCUAUGCUGUGAGGAGCAAGAGAAAGGAUCUGGAAGGCAGACAGGCUGAUGGUCAAACUGUAGGCCAGCUACUUUGUUAACUAUGGGAUAUGAGGCAAUUAAUCAGCUCUAAUCCAUAGUUGUUUAUUUAACAGUAGGUUAUAGGAACACAGAUGUUAUGAUGGCUUUAUGAGAUGAUAAUGCAUAGAACAUAUUUAGGAUGUCUAGCCCAGAAUACAACACAUCAACAGAUAUUAGUUUUUCUUCCAUUUAUAUUUUCUUUGGUAACAUAAUUUUUUAAAUUUAUGAAAUCUUACCUGACUGCAGAUUCAUCAGAAAUUCCAACAUCUAUUAAAGAAAAGGGUAAAAUGUAUUUUAAAUCAAUAAUAAAUGUACAGAAUAUUAAAAUCUGAAUGCACAGUGAUGCAUGCCUCUAGCCAAAACUACUUGGGAGGAUGAGGCAGGAGGAUCACUGAGGAGCCCAGAAGUUUUGAGACCAGCUGGGGAAACAUAGUAAGACUCUACCUCAUAAAAUUGUGCACACUUGUGUGUAUGCUUUAGAUCCUGUUUUUUGUUGUUGUUGUUUUGGUUUGGUUUGGUUUUUAAAGCAUAAGACUGACGUUUUGUUACAAAGCAUUCCUUGGGAGCAUGCCUGGGAACUUAUUAGAAUUAACAUCUCAUUUGUAUUGGUAGGUAAUUAAUGCAGUAAGAACUCUUCCCUUGUAUUUAUUAGAUGCAAAGAAGAAUAAAUUUAUUAAAAUUUGGUAUCUACAAAAAAGGAU
26	chr1_KI270706v1_random	0	UCCAAAGAGCAACAAGAAAAACGAAUAAAUCUCUGACGGAUCACUCUUGUUGGCCAGGCUGGAGUGCGGCACUGCAUACGGCUCCAAUCUCUGCCUCCCAGAAACCAAAGCUAUUACCUAAUGUACCAAGGUGGGAUUACAGAUAAGCACCAUUAUCAAGUCAGAAGAGCACAAGUCAAACCUGUAACUAAGGACUUGUACUUUUUAAAUUGUAAGAUAGAAUUACCAAGAGCAAGCCUGUAAUUAGAAAUUCAAUUAAAAAUUUUCAAUACAUAGAGAAGCUAUUACUUUUUAUAUCAUUUUUGCAUCAGUUUAAGAAUUAGUACAAUAUUUCCCAUGUUAUUGCUAUCAAAUGUAUUGGCCAAGUUUUUCAUAAUUGAUGUUGUAGGUUUGGUAGUUAUCUUUAUUUUAAUCCUAUCUACUGUAGCUCUUGUAAUUUUUGAGAUAAUUUAUAGCCAUUGACAUUAAAAAUUUUUCAAAGAAAAAA
27	chr1_KI270706v1_random	0	ACUUUUUAUUUCAUUUUGCAUCCCGUUAGGAAUUAGUUUUACAAUAAUUUCCCUGCAUUUUAAUUGUCAAAAUGUGCCUAAAAGUUUUUUUUUCUCAUAAUUAUAUUGAUGUCUGUGGUUCUGUAGUUACAUCCUCAUUUAAAUUCCCAUUAUCUACAUUAUGUAGCUUUAAUUUUUUCGAGAUAAAUCUUGCUAGCCAUUGUUUAUUAAAAAUUUUUUCAAAGAUACCAAUUUGUGGGUAUAUUAAUUAGCUCCACCUUUUGUUAUUUGCUAUGUUGUUGGUUUACAUUUUUAUCUUUAUCAUCUCCUCUUAAUUUGGAUAUACUUUGCUCAUUUUUUAGCCUCUUAAAAAAGAACCCUCAAAGGUCACUGAUUGAAGCCUUUUAUUUCAAUAUAUUACAUCUAUAAAUGUACCUCUAAGAAAACGAUUUAUCUGCAUCCCACAUUUUUAUUAAGUUUUUAAAAAAUUUUUUCAGUUUAAACUAUUUUUUUGUGAAACUUUUUUGGCCAAUGGGUUUUUCUGAAGUAUUUUGUUUAAUGUCCACAAAUGUUGGGUGUUAUAUACAUAUCCUACUGUUGGUCCAUCUCUGGUUCAUGGAUACAAUGUCGUUCCAUUGCACUUAGAUAAUGCCUCCAUGUACAUGCUGGAGAAUUCCUCAGUCUUAAAAUGCUUUGAUGACUGUGGCAGUUAUUUGUAGAAUGUCCCUCCUCAAUUCAGUUAGUCUGAUGUUUUUUCACAGUUAGGACUAAAGUUAUACAUUUUUGUCUCUAAGAAUACCAUAGAAUUGAUGUUUUGUCCUACUCAGUGCAUCAUAUAAGAAGUUACAUGAAGUCAUUUAUCUUUUAUUAUUAGUGCUGUUAACUCAUCACUUGGGUAAGUUGACAUCUCCACUUGGAAGUUAUCAAUAAUUAUGGGAAGAUACUUCAUUAUGCAAUAUGUUCUUCCCAACAUAUUUCCUUAAUCUUAGCAUCCCCAAAGGUUCUUGCAACAAUUAUUAUGAUAUUGCAAAGUGAUGAUUUUAUAUUGUAUGUCCUACAUUUAAUGAAAUCUACUGGUAAUAAAAUACUACCCAACUCAAAG
28	chr1_KI270706v1_random	0	CGUUAUCAAUAUCUGGUGUAUUGGCCCAUAAAGUUGUUUUUUUCGUAUUGAUGUCUGUAGGUUUGUAGUAUAUCACUAUUUAUUCCCAUUAUCUAUGUUUUUAAUUUUCGAGAUAAUUUGCUAGCCUGUUUAUUAAAAAAUUUUUUUUUAAGAACCGGCUGUGGUAUAUUAAUUAGCUCCUUUUGUUAUUUAAUGUUGUUGGUUUACAUUUUUAUCUUCAUCAUCUUCCUUCUUAAUUUGGAUAUACUCUGCUCAUUUUGCCUACAAAGAUAAAGGUAUUGAUUGAGUGCCUUUAUUUUCAUAUUACAUCUAUAAUAAUGUUUAAGAAACGAUCUAUCUGCAUCUCCCACCAUUUUUAAGUUUUAAAAAUUUUUUCAGUUUAAACUAUUGUGUGUGAAAACUUUUGGCAGUCUUCUGAAGUAUUUUGAAAUUUAAUGUCCAAAUGAUAGUGUAUUGUACAUAUCCAUUGUUGUCCAUCAUAGUCAUGAUACAAUGCAUGUUCCAUUAGCACUAAGAUAAUAUAGCCUCCAUGUAAGAAUUCCAGUCUUUUAAAAUGCUUUAAUGAUAGCAUUGGCAGUAUUGUAGAAUGUCCUCAAUUUCAGUUAGUUUGAUGCUUCACGGUUAGGUAAAGUAUACAUUUUUGUCUAAGAGCUCCUAAGAAUUGAUGUCUUGCCUACUCAGUGCAUAUAAGAAGUUCUUGAGUACUUAUCUUAUUAUUAGUAAUGUAACUUUGAUACUUUAGUAGUGCUCUCCCACUACUGUACUAUUUUUAUUGCUAUUUGUGAAGAUUUUUUCAUAUUAUGCAAUAUGUUUUCCCAUCAUCCUUAAUCUAGCAUCCCCAAGGUUUUCUUGCAUAAUUAUGAUAUGAGUGAUGAUUUUUAUAUUGUGUCUCCCACUCAUUUAAUGAAAUUUAAGUGCAAAAUACUACCCAUCUCGU
29	chr1_KI270706v1_random	0	AUUUCCUUCUUCAAUUGGAUAUACUUUGCUCAUUUUUUAGCCUCUUAAAAAAGAACCUAAAGGUCAUUGAUUGAAGCCUUUUAUUUUCAAUAUAUUCUUAUAAAAUGUACCUUUUAAGAAACGAUUUAUCUGCAUCCCUUAUUAAGUUUAUUAAAAAAUUUCUUUCAGUUUAAACUAUUUUGUGUGAAUUCUUUGGCCAAUGGGUUUUCUUGAAGUAUUUGUAAUGCCAGCAGUUGUGGUGUUAUUGUCAUCCCUUUUGUUGUCCAUCUCUGGUUCAUGAUAAUGCAUGUUCCAUUGCACUCAAAGAUAACAUGCCUCUAUGUCUUGGAGAAUCCUCAGUCUUCUAAAAUGCUUUUGAUGAAUACUGGCAGUUAUUUUGUAGAAUGUCCCUCCUCAAUUUCAGUUUAGUCUGAUGUUCUUCACGGUUAGGACUAAAGUUUCUAUACAUUUUAGUCUAAGAGCUCUACCAUAGAAUUGAUGUUUGUCCUACUCAGUGCAUAUAUAAGAAGUUACAUGAAGUUUUAUCUUAUUAUUAGUAAUGUUAACUUGAUCACUUGGGUAAGUUGACAUCUCCACUUGAAGUUACUAUUUUAUAAAUUAUUUGUGGGAAGAUAUUCAUUAUGCAAUAUGUUCACCCCAACAUAUAUACCACUAAUCUUAGCAUCCCAAGGUUUUCUUGCAACAAUUAUUACUAUGAUAUUUGCAAAGUGAUGAUUCUUAUUGUAUGUCUCCACAUUUAAUGAAAUCUACUGUAAUAAAAAUACUACCCAUUCUCAAAAACGC
2	chr1_KI270706v1_random	0	ACGCGUGGGCGCAUUGCGGGGGCAGCAUGUUUCCAGUGUCCUCUGGGGUGUUUCCAAGAGCAACAAGAAACGAAUAAUUUGCCAUAGGAGUUUUAGCCAAUUCAGAGGCCUUGCUGCCCACAAUUUGGAAAAUCACCUCUGGAUUUGACCUGGUCAGGAAGAGACGGGAGAAAAGCGAACACUGUUUAAGCCCAAGCAUAAACAGACAAAGAGUUAAGCAAACAACAAAUGCACAAUCAUAUGAUUACUGAGGUGUUCUAAUGGUAAGGAGAAACUAAAAGCAGAAAUUAAAAGCAGCUGAACAAAGAAGAUAAUAAGAAAAUAAUCAUCUGGUAACCAUCAUAGUAAUAAUUGUUCAAACACAAGUCAUCCAUGAAAUGCUAAAUCUUAGUGGUUCUGAGGAGUAACCAGAUAUUUACAGAGCCUCUGUCCAUACAAAUACAGUGAACUACUAAAAGAAAAUAUGGUAACAUUAGCAUGGACAAACCUGAUGUGGCUUUACCCGUGGAUUCCAGAGAAGAAAGUAGAUGGAGCAAGUGUCCAAUACAGCAACAGCUAGAAAGAAAAAUAAAGAAUUUUGUUUUACCUAAACACUUUCGGUAUAUUAAGUGUGAGUUUAAAAACUAGUUUGAGAAUUAUCAGAGUUAAUAAGAACGAGAAAUAUGUAUGUACAUUUACAAUACAAAAUUACUAUUUAUUAAUAUUUAAAAGC
30	chr1_KI270706v1_random	0	GUCUCGAACCCUGACCUCUGGUGAUGCCCUGCCUUGCCUCCCAAAGUGCUGGGAAUACAGGCAUGAGCAUCGCACCCUGCAUGGAUUAAUUGAAAAUUUUUCUUCUGUAGAUUGUAAUAUAUUACUAUUGUUAUCUAUUUCUAUUGCCCAAAUUUUUUCAAAUUUGGGCUAUGGAAGUUUUAUUCAAAGUGAUCUGUUUCCCUUCACAUUUUUCCCAUUUUGAGCAUUUCCUUACUUCCUAACAUGACAAAAUAUUUCAAACUAAAUCUUGUAUUUUCCCCUGCCCGAUCCUGAUAUCAAAUAUGUCCCCAAGGAGCCUUGGUUCCUUUAAUUGGAGAGUGGUAGGUUCUCAUUGUUACUGGGAUGAUGUUGUUUUCUAGGCCCUUUGUUAGAGGAGCUAGAAAUAUAUGUAUGUAUACACAUUUAUACAUCUGUACUUAUAUUUAUACAAUUAUCCAUCUGUACGUAUACUAAAACAAUGAUUCAUGGGCUUCUGAUCCCAAUCCAACACUAGAUAAAGACUAUAGGCCCAUUUAUUUGCAAAUCAUCACAUAAACAUAGAAGAAUUAUUAACAAUAAGCUGUAGCUUAUGCUAAAUGUUGAUAGGAAACAGACAAUAAGUUAUGGAGAACAUACAGAGGACAUUAAGGUUGGAUGGGAUUUUGGAAGUUGUACAGGUCAAUGCCACUCCAUCACUAUUGUUGAGUUUCAUAGGUUAAUACAUGAACAACAACAAAAAUAACCUAGAUCAGAAGUUGAGAUCAUUUUAUUGACUAUCUGCCGCGGUUUGUGCCAUUGCAGUGUACUAGGUGCUCUUACGAGUCCAUCAAACUGCUUCACAAAAUAUGAAACCCAGGCAAAGGUUCAGACAUACGACGUUUGUUUAAAAUUUACAGCCUUGUAUCCUUUUUCCUCUCCUCUUUCACCCUUUUUAAAAAUGUGUUAUGAGUUUAUCAUAAGAUAACAUCAACUGUAAUGUUGUUAUACGCCAGUAUUCAGUUGCUGUGUUUGAUGAAUCAAAAUGGUGUAAAACUUCAAUUAGUGUACUUUUAAAUAAAGUAUCUCUAUGAAUGCAUCCAC
31	chr1_KI270706v1_random	0	AGAGGAGCUGAAAAUAUAUGUAUGUAUACUCACACAUCUAUAUACAUCUGUACUUAUUUAUACAAUUAUCCAUCUGUACGUAUACUAAAACAAUGAUUUGAAGCUUUUGAUCCCAAUCCACAUUAGAUAAAGACUAUAUAGGCCCAUUUAUUUGCAAAUCAUUCACAUAAACAUAGAAGAAUUAUUAACAUAAGCUGUAGCUUAUGCAAUGUUGAUAGGAACAGACAAUAAGUUAUGGAGAACUCAGAGGACACUAAGGUUGGAUGGGAUUUUGGAAGUUGUACAGGUCAAUGCCACUCCAUCAUUGGCUGAGUUUCAUAGGUUAAUACAUGAACAACAACAAAAUAACCUAGAUCAGAAGUUAAAGAUCAUUUUAUUGACUAUCUGCCGUGUCUGUGCCAUUGCAGUGUACUAGGUGCUCUACCGAGUCCCUUUACUUACAAACUGCUUUCACAAAAUAUGCGUGAAACUCCAGGCAAAGGUUCAGACAUACGACGUUUGUUUUUAAAAUCUCUCUACCCUUGUAUCCUUUUCCUUCCUUCCAAAUGUGUUAUGAGUUUAUCUUAGACUAACAUCAUCAUAUAAUGUUAUACGCCAGUAUUCAGUUGCUGUGUUUGAUGAAUCAUAAAAUGGUGUAAAACUUCAAUUAGUGUACUUUUAAAUAAAGUAUCUAUGAAUGCAAAAAAAAAA
3	chr1_KI270706v1_random	0	GCGGGUCGGUGCAAGGGCGAGAGGAACCCGUGGGCCUCCGGGGAUCCCGGGGCCGGACCAGUGUUCCCUAGUUGUGGGAGCAGACGCGUGGGCGCAUUGCGGGCAGCAUCGUUCCAGUGUCCUCUGGGUGUUUUCCAAGAGCAACAAGAAACGAAUAAAUCUGACGGAGAUUUCACUUGUUGCCAGGCUGAGUGCAAUGGCACAAUUCGGCUCCACAAUCUGCCUCCAGAUUUCAAGCUAUUCUCCGCCUCUGUACCCGAGGAGCUGGGAUUACAGGGUAUCCACCAUGGCCUGCUAAUUAUGUACUUUAGUAGAGACGGGUUUCUCUCCAUGCUGGUCAGGUUGGUCCUCAAACUCCCUGACCCCAGGUGAUGCCCUGUUCUGGCCUCCCAAAGUGCUGGGAUUACAUGUGUGAGCCACUGUGUCCGGCCCUUAAAUUCUAUCUAAAAGAGUCCUUCAAGAUUGAUAUUAUAGAUACCUCUAUACAAUUGUCUUAUGUCUUAAUGAACUUCAUCCUAAAUGAAAAUAUUGUAAGUCUAAACGCAAUAACUUAACCUACUGAAUAUCAUGACUUAGCCUCGCCUACCUUAAACUUGACCAGAACACUUACUGCCUACAAUUGGGCAAAUCAUCUACCACAAGGCCCAUUUUAAAAUAUUGAGUAUCUCAUGAAAUCUAUUGAAAACUAUACUGAUAGUGAAACUGGUCAUAUUGAUGCUUCAUCAUUAAUGUACACAGAUAAAGCACAUUAUCUAGUCAGAAGAGCACAAGUCAUACUGUAGUUGACUCACUGUACUUCUUAAAUAUGGCAGAAUUCUCUCCUAAAAGAAAGCAUGUAGCCUGUAAUUAUAGAAAUCUUUUUAAAUUAAAAAUUCUUCAAUACAUAGAGAAGCUAUUACUUUUUAUUUCAUUUGCAUCAGUUUUAAGAAUUAGUCUUACAAAAUAAUUUCCCAUGUUAUUUUAAUUGUCAAAUGUAUUGGCCUAAAGUUUUUAAUUAUAUUGAUGUCUGUAGGUUCUGUGGUUACAUCCUUAUUUUAUCCCAUUAUCUACAUUAUGUAGCUCUGUAAUUUCGAGAUAAAUCUUGCUGCUCUAACUAGGUUUAUUAAAAAUUUUUCAAAGAUCAAUUUGUGGGUAUAUUAAUUAGCAUCCACCUUUUGUUAUUUAAAUCAUAUUGUUGGUUUACAUUUUUAUCUUUAUCAUCUCUCUUAAUUUGGAUAUACUUAAUCAUUUUCUAAGCCUCUUAAAAAAGAACCUCAAAGGUCAUUGAUUGAAGCCUUUAUUUCAAUAUAUUACAUCUAUAAAAUGUACUUUUAAGAAACGAUUUAUCUGCAUCCCAUGCACUAAGUUUUUAAAAAUUUCAGUUUAAACUAUUUGUGUGAAACUUUUCUUGGCCAAUGGGUUUUUCUUGAAGUAUUUGUUUAAUGUUCAAAUGUUGGGGUGUUAUUGUACAUAUCCUACUGUUGUCCAUCUGGUUCAUGAUACAAUGCAUGUCACCCUUACUGCACUUAGAUAACAUCUGCCCAUGUCUCUGGAGAAUUCCUCAGUCUUAAAAUGCUUUGAUGAAUACUGGCAGUUAUUUGUAGAAUGUCCCUCCUCAAUCAGUUAGUCUGAUGUUUUCACGGUUAGGACUAAAAGUUAUACAUUUUGUCUAAGAAUACCAUAGAAUUGAUGUUUGUCCUACUCAGUGCAUCAUAAGAAGUUACAUGAAGUCAUUUAUUUUAGUUAAUGUUAACUUUGAUCACUUGGCAGUUGACAUCUCCACUCUGAAGGUUACUAUUUUAUAUUAUCUGUGGGAAGUUACUCAUAUUAUGCAAUGUUUCCCACAUAUAUUCCUUAAUCUUAGCAUCCCUCCAAGGUUCUCUUGCAACAAUUAUUACUAUGAUAUUGCAAAGGUGAUGAUUUAUAUUUAUGUCUCCUACAUUUAAUGAAUCUUACUGUAAUAAAAUACUACCCAUUCAAUCUUUGGUUUAUUAUUUAUGUUCAAUUGGAUUUUUUUGAGUUGGAGUCUUGUUGUGCCAGGCUGGUGUGCAAUGGUGCGAUUUCCGUCACUGUCACUCCUCCGGGAUUUCAAGCCAUUAUCCUGCCUCAGCCGGAGUAGCUAGGACUACAGGCAUGUGCCACCAUGCCCGGCUAAUUUUGUAUUUUUAGUAGAGGCAGGGAUCCACAUUGGUCAGGCUGGUCUCGAACCUGACCUCAAGUGAUCUGCCCGCCUUCUGCCUCCCAAAGUGCUGGGAAUACAGGCAUGAGCAACUUGCACCCGGCAUGGAUUAAUUGAAAAUUUCUCUGGGUAGAUUGUAAUAUAUUAUUGUUAUCUAUCUUUUAUUGCCCAAUUCUUCACAAAUCACUGCUAUGGAAGUUUAUCAAAGUGGAUCUGUUUCCCUCACAUUUUCCCCAUUUGUGAGCUAUUUCCAUUUCCUAACAUGACAAAAUAUUUCAAACUAAUCUGUAUUUUCCCUGCCCGUGACCUGAUAUCAAAUGUCCCCUAGAGCCUUGGUCUCCUCUAAAUUGGAGAGUGGUGUUCAUUGUUACUGGGAUGAUGUUGUUCUAGGCCCUUUGUUAGAGGAGCUAGAAAUGGUAUGUAUACUCACACAUUUAUACACAUCUGUACUUAUUUAUACAAUUAUCCAACACUGUACGUAUACUAAAACAAUGAUCAUGAAGCUUUUGAUCCAAUCCAACACUAGAUAAAGACUAUAGGCCCAUUUAUUUGCAAAUCAUAUACAUAAACAUAGAAGAAUUAUUAUAAUAUAAGCUGUAGCUUUAUGCUAAAAUGUUGAUAGGAACAGACAAUAAGUUGGAGAACUUCAGAGGACUUAAGGUUGGAUGGGAUUUUGGAAGUUGUACAGGUCAAUGCCACUCCAUCUGGCUGAGUUAAGGUUAAUACAUGAACAACAACAAAAAAUAACCUAGAUCAGAAGUUAAAGAUCAUUCAUUGACUAACGUGCAUGUCUGUUUGCCAUUGCAGUGUACUUGGGUGCACUUACAGGUCCUCUACUUACAAACUGCUUUCACAAAUAUGAAACCAGGCAAAGGUUCAGACAUACGACGUUUGUUUUAAAAUCUCUACAGCCUUGUAUCCACCACACCACACCUUUUAAAAAAAUGUGUUAUGAGUUUUAUCUGGUAACAUCAUCUGUAAUGUUGCUAUACGCCAGUAUUCAGUUGCUGUGUUUGAUGAAUCAUAAAAUGGUGUAAAACUUCAAUUAGUGUUUUUAAAUAAAGUAUCUAUGAAUGCAUCCACAACCUCCAUCUACCCUAUUUAUCAUAACAUCUAUCCAUCUUUCUCUAAAAACC
