0	chr1_KI270711v1_random	0	AGAUCCGCCGAUCCCUCUUUUGAUGGAAGAAGUCUCCACCUGGUUCAGAUGAGUCAUAUUCCCACAAUAAGCAGCCCUUAAGCCGAGAGAUGUCUAUUCCUGCAGGCAGGACCUGCAGGCACGUAGAUUUGAAUGAAACAGUUCCAUUGGAAAGCCCAGACGCAGGAUGGGUACAGUGGGCAUGGCAUUAUUCCUGGCAAGACAUGAGGCAACCUGUGCUCAGUCUGAAGACAAUGGUCAGUAGGUGUGACACGUUCAUAACUGUGCAGCACAUGCCAGGAGUGAUCAGUCAGACAUUUUAAUUUGAACACGUAUCUCUGGUAGCUACAAGUCCUCAGGGAUUUCAUUUGCAGGCAUGUCUCUGAGGCUUAUACCUGCUCAAGGUCAGUGUCAUCUUGUGUUAGCUCAUCCAAAGGUGUUACCCUGGUUUCAAUGAACCUAACCCAUCUUUGUAUCUCAGUGUUGAAUUGUUUUUAGCUGAUCCAUUCAACGCAGGGAGAGAAUCCUUGGCUGAGGAUUGUAUUUCAGAACCACCAACUGCUUUGACAAUUGGUUAACCGCUAGGCUCCUUUGGUUAGAGAAGCCACAGUCCAAUCCAAUUGGUGUCAGUACUUUCGGGAAGACCACAGCUAGAUGGACAAACAGCUGGAGACCUUAGCCCUGCUCCUCGAUUCCAUCCUGUAGAACAGGAGUCAGGAGCCGCUGGCAGGAGACAGCAUGUUCCAGGACUCUGCCGGUGCAGAAUAUGAACAACGCCAUGUUUACCGCAGAAACGCUUAGCCUGAGUUUCAUGGGUUUCAGACUGCAGAUGUAGAACUGGAGCAGGACCUGACCUGUACACUUUCGGUCCAUCUUUCGCUCUAAAGAGAAGAUAUUUUGGGUUCAAAAAGUAAAAGAUAAUAGCUGCAUUUCUUAGUUAUUUUGAGCCCCAAAUUUUCCUCAUCUUGUUGUUGUCAUUGAUGGUGGUGACAUGGACUUGGUUUAUAGAGGACAGGGUCAGCUGUCUGGCUCGUUGAUCUACAUUUGAAGUUGUCUGAAAAUGUCUCAUGAUUAAAUUCAGCCUAAUGUUUUGCCAGGAACACUGCAGAGACAAUGCUGUGAGUUCCAUCCACUAGCCCAUCUGCGGGCAGAGAAGGUCUAGUUUGUCCAUCAGCAUUAUCAUGAUAUCAGGACUGGUUACUUGGUUAAGGAGGGGUCUAGGAGAUCUGUCCCUUUUAGAGACACCUUACUUAUAAUGAAGUAUUUGGGAGGGUGGUUUUCAAAGUAGAAUGUCCUGUAUUCCGAUGAUACAUCCUGUAAACAUUUUAUCAUUUAUUAAUCAUCCCUGCCUGUGUCUAUAUUAUUAUAUUCAUAUCUACGCUAGAAACUUUCUGCCUCAAUGUUUACUGUGCCUUUGUUUUGCUAGUUGUGUUGUUGAAAAAAACAUUUCUGCCUGAGAGUAAUUUUUGUCCAAAGUUAUUUUAAUCUAUACAAUUAAAAGCUUUGCCUAUCAGCUAACCUCCAUCAUUUCAUCCUAAGUCAUCAUAUUUCCAUUUUUCAUUUAUAUCCCUAUAUCUACACCCACCUCAAAAAAAUAAAC
1	chr1_KI270711v1_random	0	CUGACCUGUACACUCAAUAGUCCUUCAUAAAUCUCAACAAAAAGGAGAAGAGAUAUUGGUCAAAAAAGUAAAAGAUAAUGUAGCAUUGCAUUUCUAGUUAUUUCUUUUGCCCAAAAUAUUCAUCUUUUGUUGUUGCACUGAUGGUGGUGACAUGGACUUGUUUAUAGAGGACGGUCAGCUGUACCGAAAUAUGAUCUACAUCUGAAGUUGUCGAAAAUGUCUUCAUGAUUAAUUCAGCCUAAAUGUUUUGCCGGGAACACUGCAGAGACAAUGCUGUGAGUUUCCAACCUUGCCAUAUCUGCGGGCAGAGAAGGUCUAGUUUGUCCAUCAGCAUUAUCAUGAUAUCAGGACUGGUUACUUGGUUAAGGAGGGGUUAAGGGAGAUCUGUCCCUUUUAGAGACACCUUACUUUAUAAUGAAGAUUUGGGAGGGUGGUUUCAAAAUUAGAAUGUCCUGUAUUCCGAUGAUCAUCCUGUAAACAUUUUAUCAUUUAUUAAUCAUCCCUGCCUGUAGUUUAUUAUUAUAUUCAUAUCUCAUGCUAGAAACUUUCUGCCUCAAUGUUUACUGUGCCUGUUUUUGCUGUGUGUUGUUGAAAAACAUUCUGCCUGAGUUUUUAAUUUUGUCCAAAAGUUAUUUAAUCUAUCUAAUUUAAAAGCUUUUGCCUAUCAAAAAACAAGC
2	chr1_KI270711v1_random	0	GCCCUACAGAAGGCCUUCACAUAUUGGAGCAACAGCGUGUUGGCAUGGCUUUGACCGCGGAUGAAAUUGAAAAGUACCAAGAAGUGGAAGAAGACCAAGACCCAUGCCCCAGGCUCAGCAGGGGAGCUGCUGGAUGAAAGAGCCUGAAGUCUUGCAGGACUCACUGGAUAGAUGUUAUUCGACACGGGUUAUCUUGAACUGCCUGACUUAGGCCAGCCUACAGAAGUGCUGUUUACUCAUUGGAGGAACAGUACCGGCACUGGCUCUGACGUGGACAGAAUUAAAAAGGACAGGAAGAGGAAGAAGUCGAGGCCCACCAUGCCCAGGCUCAGCAGGGAGCUGCUGGAGGCAGUAGAGCCUGAAGUCUGGACUCACUGGAUAGAUGUUAUCAACUCCAGUUGUCUGAACAGCCUGACUCCUGCCUGCCCUAUGGAAGUUCCUUUUAUGCAUUGGAGGAAAACAUGUUGGCUUCUCACUGAUGCGAGAAAUUGAAAAGAAGGGGAAGGGGAAGAAAAGAAGGGAAGAACACGAAGAAAAAGGAAAGAAGGGAAGAAAAGAAGGGGAAGAAGAUCAAAACCCACCAUGCCCCAGGCGGCAUGCUGAUGGAAGUGGAAGAGCCUGAAGUCUGCAGGACACUGGAUGUAUUUCGACUCCGUCAAUGUACUUGAACUACCUGACUCAUUCCAGCACUACAGAAGUGUGUUUACUCAUUUGAGGAACAGCACAUCAGCUUUCGCCCUUGACGUGGACAAAUGGUCUCUUACUUGAUGGGAACAAGUUCCACCUGGUCUUCCAGAUGGAGUCAUAUUCCCACAGUAAGCAGCCCUUACUAAGCCGAGAUGUCAUCUCCUGCAGGCAGGACCUAUAGGCACGUGAAGAUUUGAAUGAAUAGUUCCAUUCUGAAGCCCAGACAUGUGGGGGUCAGUGGCAUGGCUUUAUUCCUAUUUCAGACCAUGCCAGUGGCAACCUGUGCUCAGUCUGAAGACAAUGGACCCUGAUGGUGUGACACGUUCAUAACUGUGCAGCACAUGCCGGGAGUGAUUCAGUCAGACAUUUUAAUUUGAACCUCUUAUCUUUGGUAGCUACAAAGUUCCUCAGGGAUUUUCAUUUUGCAGUCAUGUCUCUGAGCUUUAUACCUAAUCAAGGUCAGUGUCACAUUUGUGUUUAGCUCAUCCAAAGGUGUUACCCUGGUUCAAUGAACCUAACCCUCAUUCUUGUAUCUUUUUUCAGUGUUGAAUUGUUCUAGCUGAUCCAUCUUUUUUAUCAGGAGGGAUCCAUUGGCUGAGGAUCGAUUUCAGAACCACCAAUCUUCUUGACAAUUGUUAACCGCUAGGCUCUUCUGGUUAGAGAAGCCAGUCCUUCAGCCUCCAAUUGGUGUCAGUACUUAGGAAGUUCCAGCAGAUGGACAAACAGCAUUGGAGGCCUUAGCCCUGCUCCUCUCGAUUCCAUCCUGUAGAGAACAGGAGUCAGGAGCCGCUGGCAGGAGACAGCAUGUCUUCCAGGACUUGCCGGUGCAGAAUAUGAACAACGCCAUGUUUUGCAGAAAACGCUUAGCCUGAGUUUCAUAGGAGAUUACCAGACCAACUGCAGAAUGUAGAGGCACUGAGCAGGACAAUUGACCUGUACUCCUUCUUUAGUCCAUAUCAACUGGAGAAGAGAUAUUUUGUCUCAAAAAGUAAAAAGAUAAUAUAGCUGCAUUUCUUUAGUUAUUUGAACCCCAAAUAUUUCCAUAUUUAGUUGUUGUCAUUGAUGGUGGUGACAUGGACUUGUUUAUAGAGGACAGGUCAGCUGUCUGGCUUCGUUGAUCUACAUUCUGAAGUUGUCUGAAAAUGUCAUGAUUAAAUUUCAGCCUAAACGUUUUGCCGGGAACACUGCAGAGACAAUGCUGUGAGUUCCUAUUUAGCCCAUCUGCGGGGGCAGAGAGAAGGUCUAGUUUGUCCAUAGCAUUAUCAUGAUAUCAGGACUGUUACUUGGUUAAGGAGGGGGGUCUGGGAGAUCUGUCCCUUUUAGAGACACCUUACUUAUAAUAGAAGUAUUUGGGAGGGUGGUUUCAAAGUAGAAAUGUCCUGUAUUCCGAUGAUCAUCCUGUAAACAUAUCAUUUAUUAAUCAUCCCUGCCUGUGUCUAUUAUAUUCAUAUCUCUACGCUGGAAUUCUUCUGCCUCAAUGUUUACUGUGCCUUUGUUUUGCUAGUGUGUGUUGUUGAAAAAAACAUUCUCUGCCAGUUUUGCUUUUUGUCCAAAGUUAUUUUAAUCUAUACAAUUAAAAGCUUUGCCUAUCAAAAACGA
3	chr1_KI270711v1_random	0	GUAUCUUGAACCCCAAAUAUUUCCUCAUUUUUUGUUGUUGUCAUUGAUGGUGGUGAUGGACUUGUUUAUAGAGGACAGGUCAGCUGGUCUGGCUUGCGAUCUACAUUUUGAAGUUGUCUGAAAAUGUCUCAUGAUUAAAUUCAGCAGCGCUUUGCCGGGAUCACUGCAGAGACAAUGCUGUAGAGUCUCCAACCUUGGCCCAUCAGCGGGCAGAGAAGGUCUAGUUUGUCCAUCAGCAAUCAUGAUAUCAGGACUGUUAAGUUAAGGAGGGGUCUGGGAGAUCUGUCCCUUUUAGAGACCUUACUUAUAAUGGAUUUGGAGGGUGGUUUUCAAAAUUAGAAAUGUCCUGUAUUUCCGAUGAUCAUCCUGUAUAUUUUAUCAUUUAUUAUCAUCCCUGCCUGUAGGUUUAUUAUAUAUUCAUAUUUACGCUGGAAACUUCUGCCCAUGUUUACUGUGCCUUUGUUUUUAAUCAGUGUAGGCUGUAUGAAAAAAACAUUCUCUGCCUGAGUUUUAAUUUUUGUCCAAAAGUUAUUUUAAUCUAUACAAUUAAAAGUUUUGCCUAUCAAAAG
4	chr1_KI270711v1_random	0	AGAUGCAAACCAAAGAAUAUCAUGACCAGCUCUUCAGGCCUCCUGAAGUAUAUCUCUCACAUUGUCCUGUUUUCUCUUGCUGAGGAGCCUGAGAUCCCUGUGUCUGAUUAGACAGUGGACUGCUACGGGUGGGUGAAUUGGCUUAUUUGUCUGUCCCUGUCUGAAUGUAUUGCAGGAAUUAAAAAAGGACCAAGAAGAGGAAGAAGACCAAGGCCCCACCAUGCUCCAGGCUCAGCAGGGAAAUAAUUGGAGGCAGUAGAGCCUGAAGUCUUGCAGGACUCAUUGGAUAGAUGUUAUUCAACCUUCCAGUUGUCUGAACAGCCUGACUCCUGCCUGCCCUAUGGAAGUUCCUUUUAUGCAUUGGAGGAAAACAUGUUGGCUUCUCUUGACGUGGGAGAAAUUGAAAAGAAGGGAAGGGGAAGAAAAGAAGGGAAGAAGAUCAAGGAAGAAAAGAAGGAGAAGGGGAAGAAAGAAGGGAAGAUCAAAACCCAUGCCCCAGGCUCAGCAGUGUGCUGAUGGAAGUGGAAGAGCCUGAAAUCUUUAUCCAGGUGAUCUUGUUUUCGAUUACCUGACUCAACCAGCACUACAGAAGUGUGUUUUACUCAUUUGAGGAACAGCACAUCAGCUUUCGCCCUCAGCCAGCAAUGGGUUCACAUUUGAUGGGAACAAGUCUCCACCUGGUUCCAGAUGGGAGUCAUUCCCACAGUAAGCAGCCCUUAAGCUGAGAUGUCAUCACCUGCAGGCAGGACCUAUAGGCACGUGAAAGAUUUGAAUGAAACUAUAGUUCCAUUUGGAAGCCCAGACAUAGGAUGGGUCAGUGGGCAUGGCUCUAUUCCUAUUCUUCAGACCAUGCCAGUGGCAACCUGUGCUCAGUCUGAAGACAAUGGACCCUGGUUAGGUGUGACGUUUCAACUGUGCAGCACAUGCCGGGAGUGAUCAGUCAGACAUUUUAAUUGAACCACGUAUCUCUUGGGUAGCUACAAAGGUUCCGGGGAUUCAUUUUUGCAGGCAUGUUCGAGCUCUUUAUACCUAGCUCAAGGUCAGUGUCAUCUUGUGUUUAGCUCAUCCAAAAGGUGUUACCCUGGAGGUCAAUGAACCUAACCUCAUUCUUGUAUCUUCAGUGUUGAAUUGUUUAGCUGAUCCAUUUUAACACAAGGAAGGGGAUCCUUGGCUGAGGAUUGUAUUUCAGAACCACCAACUGCUUGACAAUUGUUAACCCGCUAGGCUCCUUUGGUUAGAGAAGCCACAGUCCUUCAGCCUCCAAUUGGUGUUCAUUACUCGAAGACCACAGCUAGAUGGACAAACAGCAUUGGAGGCCUUAGCCCUGCUCCUCUCGAUUCCAUCCUGUAGAGAACAGGAGUCGGGAGCCGCUGGCAGGAGACAGCAUGUCUUCCCAGGACUCUGCCGGUGCAGAAUUGAACAACGCCAUGUUACUAGAAAACGCUUAGCCAGUUCAUAGGAGGAUUUCAGACUAUUAAUAGAAUGUAGAACACUGAAAAUGGGACAACUGGUUCCUGUCUCCUUUUCUAGUCCAUAUAUUCAAAUUUCAACAAAAGGAGAAGAUAUUUGGGUUCAAAAAAGUAAAAGAUAAUGUAGCUGGCAUUUCUUAGUUAUUUGAACCCCAAAUAUUUUCCUCAUCUUUUGUUGUUGUCAUUGAUGGUGGUGCAUGGUUUUGUUUAUAGAGGACAGGUCAGCUGUCUGGCUCAAUGAUCUACAUUCUUGAAGUUGUCUGAAAAUGUCUCACUUUCGAUUAAAUCAUAGCCUAAAACUGUUGCCGGGAACACUGCAGAGACAAUGCUGUGAGUUUCUCCAUCUCAAAAGCCCAUCUGCGGAGAAGGUCUAGUUUGUCCAUCAGCAUAUUUGAUAUCAGGACUGGUUACUACUGGUUGGAGGGGUCUGGGAGAUCUCUGUCCCUUUUUAGAGACACCUUACUUAUAAUGAAAGUAUUUGGGAGGGUAGUUUUCAAAAUUAGAAAUGUCCUGUAUUCCGAUGAUUUCGCCUGUAAACAUUUUAUCAUUUAUUAUCAUCCCUGCCUGUAGCACUAUUAUUAUAUUCAUAUCUCUACGCUGGAAACUUCGGCCUCAAUGUUUACUGUGCCUUUGUUUUGCUAGUGUGUGUUGUUGAAAAAAACAUUUCUGCCUGAGUUUUAAUUUUUGUCCUAGUUAUUUUAAUCUAUACAAUUAAAAGCUUUUGGCCUAUCAAAAAAAAAAACGA
5	chr1_KI270711v1_random	0	AGGAGCUGCUGGAUGAGAAAGAGCCUGAAGUCUUGCAGGACUCACUGGAUAGAUGUUAUUCGACUCCAGGUUAUCUUGAACUGCCUGACUUAGGCCAGCCCUACAGAAGUGCUGUUUACUCAUUGGAGGAACAGUACCUUGGCUUGGCUCACUGACGUAGACAGAAUUAAAAAGGACCAAGAAGAGGAAGAAGUCAAGGCCCACCAUGCCCCAGGCUCAGCAGGGAGCUGCUGGAGGCAGUAGAGCCUGAAGUCAUGCAGGACUCACUGGAUAGAUGUUAUUCAACUCCUCCAGUUGUCAUUGAACAGCCUGACUCCUGCCUGCCCUAUGGAAGUUCCUUUUAUGCAUUGGAGGAAACAUGUUGGCUUUCUGACGUGGGAGAAAUUGAAAAGAAGGGAAGGGAGGGAAGAAAAAGAAGGAAGAAGAUUCAACGAAGAAAAGAAGGAGAAGGGGAAGAAAGAAGGGAAGAAGAUUUCAAAAACCCACCAUGCCCCCAGGCUCAGCGGUGUGCUGAUGGAAAGUGGAAGAGCCUGAAGUCUACGGACUCACUGGAUAGAUGUUAUUCGACUCCGUCAAUGGUUUCUUUGAACUACCUGACUCAUUCCAGCACUACAGAAGUGUGUUUUACUCAUUUGAGGGAACAGCACAUCAGCUUUCGCCCUUGACGUGGCAAUAGGUUUUCUUACUUUUGAUGGGAAGAAGUCUCCCUCCUGGACCCAGAUGGGAGUCAUAUUCCCACAAUAAGCAUUGCCCACUAAGCCGAGAGAUGUCAUUCCUGCGGGCAGGACCUAUAGGCACGUGAAGAUUUGAAUGAAAACUAUAGUUCAUUGGAAGCCCAGACUCGGGAUGGUCAGUGGGCAUGGCUCUAUUCCUAUACGUAGACCAUGCCAGUGGCAUCAACCUGUGCUCAGUCUGAAGACAAUCCCAAGUUAGGUGUGACACGUUCACAUAACUGUGCAGCACAUGCCGGGAGUGAUCAGUCAGACAUUUUAUUUGAACCACGUCUGGUAGCUACAAAGUCCUCAGGGAUUUCAUUUGCAGGCAUGUUCUGAGCUUCAUACCUGCUCAAGGUCAGUGUCAUCUUGUGUUUAGCUCAUCCAAAGGUGUUACCCUGGUUCACUGACACCUAACCUUCAUUCUUUCGAUCUUCAGUGUUAAUUGUUUUAGCUGAUCCAUCAACGCAGGGAUCCUUGGCUGAGGAUUGUAUUCAGAACACCAUAUCUUGACAAUUGUUAACCCAAUGACCUUCUGGUUAGAAGCCACAGUCCUUCAGCCUCCAAUUGGUGUCAGUACUAGGAGGUACAGCUAGAUGGACAAACAGCAUUUGGGAGACCUUAGCCCUGCUCCGAUUCCAUCCUGUAGAGAACAGGAGUCAGGAGCCGCUGGCAGGAGACAGCAUGUUCACCCAGGACUCUGCCGGUGCAGAAUAUGAACAACGCCUAUGUUGCAGAAACGCUUAGCCUGAGUUUCAUAGGAGUAAUUUUCAGACAACUGCAGAAUGGAAUUGAAAAUGACGCUGACCUGUACACUUCAUGGUCCAUAUCACCAAAUCCUAAGGAGUGAGAUAUUGGGUUCAAAAAGUAAAGAUAAUAUAGCUGCAUUCUUUAGUUAUUUUUGAAUCCCAAAUUUCCAUUUUUGUUGUUGUCAUUGAUGGUAGUGACAUAGACUUCUUGUUUAUAGAGGACAGGUCAGCUGUCUGGCUCUAAUGAUCUACUAUUUGAAGUUGUCUGAAAAUGGGUUUCAUGAUUGCUCAGCCUAAACGUUUUUGCCGGGAACACUGCAGAGACAAUGCUGUGAGUUCCAUCCUUUAGCCCAUCUGCGGGCAGAGAAGGUCUAGUUUGUCCAUCAGCAUUAUCAUGAUAUCAGGACUGGACUGGUUAAGGAGGGGUCAUGGGAGAUCUGUCCCUUUAGAGACACCUUACUUUAUAAUGAUUUGGGAGGGUGGUUUUCAAGUAGAAAUGUCCUGUAUUCCUAUGAUCAUCCUGUAAACAUUUUAUCAUUUAUUAAUCAUCCCUGCCUGUGUCUAUUAUUAUAUUCAUAUCUCUACGCUAGAAACUUUCUGCCUCAAUGUUUGUGCCUUUGUUUUUGCUAGUUGUGUUGUUGAAAAAAACAUUCUCUGCCUGAGUUUUAAUUUUUUGUCCAAAGUUAUUUUAUUAAUCUAUACAAUUAAAAGCUUUUGCCUAUCAAAAACUGA
6	chr1_KI270711v1_random	0	AGGAGCCAUGGAUGAAUUGAAAAGUACCAAGAGAAGUGAAGAAGACCAAGACCCAUCAUCCCAGGCUCAGCAGGAGCUGCUAGACGAGAAAGAGCCUGAAGUCUGCAGGACCCCUGGAUAGAUGUUAUCGACCCAGGGUGGAGGGAGGAGGAGGAGGGGGGUGGGGAGGGGAGGGGAGGGAGGGGGGGGAGGAGGGGAGGGGGGGGAGGGGGGGGGGAGGAGGAGGGGGGAGACAAAGAAAGAAGGGAAGAAGAUCAAACCCACCAUGCCCCAGGCUCAGCGGUGUGCUGAUGGAAGAAGAGCCUGAAAUACUGCAGGACUUCUGGAUAGAUGUUAUUCGACUACUCGUCACUGUUCUUGAACUACCUGACUACUCCAGCACUACAGAAGUGGUUUUACUCAUUGAGGAACAGCACAUCAGCUUCGCCCCUUGAUACGGCAAUAGGUUUUUACUUCUGAUGGAACAAGUCUCCUGGUCUUCCAGAUGGAGUCGUAUUCCCAAGUAAGCAGCCCUUACUAAGCUGAGAGAUGUCAUCACCUGCAGGCAGGACCUAUAGGCACGCUGAGAAGAUUUGAAUGAAACUAUAGUUCCAUUUGGAAGCCCAAGACAUAGGAUGGUCAGUGGCUCUUUGGCUCUAUUCCUAUUCUCAGACCGCCAGUGGCAACCUGUGCUCAGAGUCUGAAGACAAUGGCUCCCAAGUUAGGUGUGACACGUCACAUAACUGUGCAAAGCCUCACGAUGUGGGAGUGAUAGUCAGACAUUUUUAAUUUGAACCACGUAUCUCUGGGGGUAGCUACAAAGUUCCUCGGGAUUUCAUCAUAAUAGGCAUGUCUCUGAGCUUUAUACCCUGCUCCAAGGUCAGUGUCAUUCUUGUGGGCUUAGCAUCCAAAAGGUGUUACCCUGGUCAAUGAACCUAACCUCAUUCUUUGUAUCUCAGUGUUGAAUUGUUUAGCUGAUCCAUUCUUUAACACUGGAGGGAUCCUUGGCUGAGGGAUUGAGAGGUAUUUCAGAACCACCAUAGCUCCUGACAGCUGUUAACCCAAUAGGCUCCUCUGGUUAGAGAAGCCACAGUCCUUCAGCCUCCAAUUGGUGUCAGUACUUGGGAGACCACAGCUAGAUGGACAAACAGCUAAGGAGGCCUUAGCCCCUGCUCCUCUUUGAUUCCAUCCUGUGGAGAACAGGAGUCAGGAGCCGCUGGCAGGACAGCAUGUCACCCCAGGACUCUGCCAGUAAUAGAAUUGAACAACGCCAUGACUCUUAGAAACGUUCUUAGCCAGGUUCAUAGGAGUUUCAGACAUUGCAGAAUAGAACUUAAGAAUAGGACAAUUGACCUGUCACACUCAUCGGUCCAUAUCAAAUCACACAACAAAAGGAGAAGAUAUUUGGUUCAAAAAGUAAAGAUAAUGUAGCUGCUUUAGUUAUUUGGCCCCAAAUAUUUCCUUCAUCUUCUUUGUUGUUGCACUGAUGGUGGUGACAUGGACAUUGUUUAUAGAGGACAGGUCAGCUGUCUGGCUCUGAUCUACAUUCUGAAGUUGUCUGAAAUGGUCUUUUGAUUAAAUUCAGCCUAAACGUUUUGCCAGGAACACUGCAGAAUCCAAUGCUGUGAGUUUCCAACCACUGCCCAUCUGCGGGCAGAGAAGGUCUGGUUUGUCCAUCAGCUAUUAUCAUGAUAUCAGGACUGGUUACUCAAUCUAAGGAGGACGGAGAUCCUGUCCCUCUAGAGACACCAUCUAUAAUGAAGUAUCUGGGAGGGUGGUUUCAAAAUUAGAAAUGGCCUGUAUUCCGAUGAUCAUCCUGUAAACAUUUAUCAUCUAUAUCAUCCCUGCCUGUGUGGGUCUAUUAUAUAUUCAUCUACAAUGGAAACUUUCUGCCUCAAUGUUUACUGUGCCUCUGUUUUGCUAGUGUGUUGUUGAAAAACAUUCUCUGCCUGAGUUUAAUUUGUCCAAGUUAUUUAAUCAUACAAUUAAAAGCUUUUGGCCUAUAAAAAC
7	chr1_KI270711v1_random	0	GACACAGCACUGAUGGCCUCCCCCAGGCUCAGCGGUGUGCUGAUGGAAGAGCCAGGCUGCAGGACUCUGGAUAGAUGUUAUUCGACAUGUCACUGUCUUUGAACUACCUGACUCUCCAGCACUCAGAAGUGUUCUACUCAUUGAGGAACAGCACAUCAGCUCGCCCUUGACGUGGCAAUGGGUUUCUUACUUCUGAUGGAACAAGUCCACCUGGUCUCCAGAUGGGAGUCAUUCCCACAGUAAGCAGCCCUUAGCUAGAGAUGUCAUACACCUGCAGGCAGGACCUAUAGGCACCUUGAAGAUUUGAAUAUUGCAACUGGAAAGCCCAAGCUGGGAUGGGUCAGUGGGCAUGGCUCUAUUCCUAAACUCAGACAUGCCAGUGGCAACCUGUGCUCAGUCUGAAGACAAUACCCAAGUUAGGUAUCACAUAACUGUGCUAAUACAUGCCGGUAGAUCAGUCAGACAACUUAAUUUGAACCACGUAUCUAAGGUAGCUACAAAGUUCCUCGGGAUUUCAUUUUUGCAGGCAUGUCUCUUGAGCUUUAUACCUGCUCAAGGUCAGUGUCAACUUGUGGUGUUUUAGCUCAUCCAAAAGGGUUGACCCUGGUUUCAAUGAACCUAACCUCAUUUGUAUCUCAGUGAUUGUUUGUUGAUCCUCAACAGGGAAGGAUCACUGGCUGAGGAACGUAUCAGACUCCAUUAUUGACAAUUCCGUUAGGCUCCUCAUUGGUUAGAGAGCCAGUCAGCCUCCAAUUGGUGUCAGUACUGGGAAGACACAGCUAGAUGGACAAACAGCAUUGGAGGCCUUAGCCCUGCUCGAUCCAUCCUGUAGAGAACAGGAGUCAGGAGCCGCUGGCAGGAGACAGCAUGUCACCCAGGACUUGCCGGUGCGGAAUGAACUGUUGAAACACAGCCUGGUACAUGGUAAUUUCAGACUGAUGAACUGGCGGACUAGACGUCUCGGUACCGCACCGUCAAAAGAGAGAUAUUGGUUCUGAAAAGAUGGCUGUACUUCUUAGUUAUUGGCCCAGCUCCUCAUCUGUUGGUGUCCUGUGAGGUGGUGACUCGGACUUGUUAUAGAGGACAGGUCAGCUGUCUGGCUCAAUUGAUCUACAUCUGAAGGUUGGUUUGAAAAUGUCUUCAUGAUUAAAUUCAGCCUAAACGUUGCCGGGAACACUGCAGAGACAAUGUUGUGGUUUCCAACUCAACCCAUCUGUGGGCAGAGAAGGUCUGGUUUGUCCAUCAGCUAACUUGAUGCACUCUUGGUUAAGGAAGGGGUCUGGGAUCUGGUCCCUUAGAGACACCUACUUAUUAAUGAAGUAUUUGGUGGUCAAAAUUAGAAAUGUCCUGUAUUCCGAUGAUCAUCCUGUUAAACAUAUUUCAUCUAUCAUUGCCUGCCCAUGUGUCAUAUAUAUCACUCUCUAUGCUGGAAACUUUUGCCUUCAAUGUUUACUUGGUGUCCUUGUUUUUGCUAGUGUGUUGGUGUUGAAAAAAACAUUCUUAAUCCAAGUUUAAUUUUUGUCCAAAGUUAUUUUAAUCUUUCAUCAAUUAAAAGCUUUUAUUUAUCAAAUAACCACUCUUCAUAUCUAUUAUUAUUCAUAUUAUCAUAUCCACAUAUCAUAUACACAAAAAAUC
0	chr1_KI270711v1_random	1	AGAACAGCAACAAAAUAACUUCUCAAACUCACAUAGAGCUUCAGCAAGAUAGACCACAUGUGCUGAGCCAUCGUUAGUAUUUUCUGUCCUUCUUUUUGACUCGUGUAUAGUGUGCUCAAACUUUAAAUUAUACACUUUAAUGAUUAUACACUUUCAUGCAUCUCAAUUGCAUGUAAGUUAUAUUUCAAUAUAUUUGUUAAAAGUUAUAAUUAAAAACUGUCCUAGCUUUGAUCAAGAAAUCUUUUUAUCUAAGAAAAUGUAAUGUUAUGUAUUAUCAGGGCAAAAGAAACCAUUGACUCCUGUCAUACACAGUAAGCAUAUUUGGCACAAACUGAAAACUUUUCAUGAUUUAUAAAAACAAACAAGAAACUCAGCAUGAUAAAGAAGAGAAGGCAUUCACCCUGUAUUUGGUAGAUUUGAAAAACUCAGAGGUAACAUUAUAUUAAAAUGGCAACAGGAUUGAAUGCUCUAUUAAAUCAGAGAAAAAAGUAGAAUAUCUGGCUGUUAUUUUCAAUCUCAGCUAUAAAGAGAUCUAAUCAAUGCAAUAAAAAGUAAAGAAAAUAAAUAAAAAGUAUUGAAAAAGAUUGAAAAGAAAGAAUUGAAGCUGUUUAUCACAGAUAAUGACUGUGUUGUUAAUAAUCCAAGAAAUCUACAAAAAUCUGCCAAACUAAUUAGUGAGACUUGGUAAUGGGUUGCAGAAUAUAAGCUCAAUAGAAGUAGUCUUUGUAUUUCUGUGUAUUAGCAAUGAGCAUUUGGAAAAUGAAAUAAAAUACAAUCAUCAAAAAAAACAAAAAAAA
1	chr1_KI270711v1_random	1	AGCCAGAGAAAAGUAGAAUAUCUGUUGUUAUCUUCAAUCAGCACAUAUACUAGAGAUUUAAAUCAAUGUAAUAAAGUAAGAAAAUAAAUAAAAGUAUUGAAAAGAUUGAAAAGAAAGAAUUGAAGCUGUUUAUUUCAGAUAAUGACUGUGUAUAAUAAUCUAGAAAUUUAUAAAAUCUGUCAAAAGUAAUCAAUGAGUUUGGUAAUGUUUGCGGAAUAUGUCAUAAUGAUUGUUUUGCAUUUCGUGCAUUUAAUGGGCAGUAGUCUCUAUCCUCCCGUAU
2	chr1_KI270711v1_random	1	UAAUCACACAAUCGUCGACACAUGUUAGCCAGGUCGAUAUUUAAGCAAUACAUAUCAAGAACAGCUAACAAAUAACUUUCAAACUCUCUGAGAGCUCAGCAAGAUAGAGACCACAUGUGCUGAGCCAUGUUAGUAUUUUCUCUGUCCUUUCUGCUCGUGUAGUGCUCAAACUUCUUAAAAUUAUACAUCAUUGAUUAUACACUUCAUGCAUCUCAAUUGCAUGUAAGUUAUUUCAAUAUAUUUUUAAAAGUUUAUAAUUAAAAAACUGUCCUAGCUUGAUUCAAGAAUCUUUUUUAUAUUUAAGAAAAUGUAAUGUUAUGUAUUGCCAGGGCAAAAGAGAAAAACCAUCGAUUACCUUUGUCAUACAGUAAAAGCAUUUGGCACAAUUGAAACUUUUUUUCUGAUUUAUAAAAACAAACCCAGAAAACUCUCGGCAUGAUAAAGAAGAGAAGGCAUCUUCAUCCCUAUUAAGGGUAGAUUUGAAAAAAACUCAGAGGUAUAUUAUAUUAAAUGGCAUAGGAUUGAAUGCUUUCUAUUAAAUCAGAGAAAAAGUAGAAUAUCUGUUGUUAUUCUCAAUCUUAUUAUAUAAGAGAUCCAAUUCAAUGCAAUAAAGUAAGAAAAAUAAAUAAAAGUAUUGAAAAGAUUGAAAAAAAAAA
